Workbook

Sheet Experimental_summary
A1: Geometry of Gravimetric Absorption Auboidal Specimens
A2: Mix ID | B2: Type | C2: Height 1 (mm) | D2: Height 2(mm) | E2: Width 1(mm) | F2: Width 2(mm) | G2: Thickness 1 (mm) | H2: Thickness 2 (mm) | I2: Dry Mass (g) | J2: Avg Height (cm) | K2: Avg Width (cm) | L2: Avg Thickness (cm) | M2: Absorption Area (cm2) | N2: Remarks
A3: HS-1 | B3: 0.7-1d | C3: 20.8 | D3: 21.4 | E3: 23.6 | F3: 23.9 | G3: 23.8 | H3: 23.9 | I3: 14.92 | J3: 2.11 | K3: 2.375 | L3: 2.385 | M3: 5.664 | N3: ***
A4: HS-2 | B4: 0.7-1d | C4: 20.8 | D4: 20.9 | E4: 24.4 | F4: 24.6 | G4: 24.3 | H4: 24.4 | I4: 15 | J4: 2.085 | K4: 2.45 | L4: 2.435 | M4: 5.966
A5: HS-3 | B5: 0.7-1d | C5: 20.5 | D5: 20.7 | E5: 24 | F5: 24.1 | G5: 23.7 | H5: 23.8 | I5: 14.54 | J5: 2.06 | K5: 2.405 | L5: 2.375 | M5: 5.712
A6: MS-1 | B6: 0.7-7d | C6: 19.8 | D6: 19.9 | E6: 23.7 | F6: 23.8 | G6: 24.2 | H6: 24 | I6: 14.34 | J6: 1.985 | K6: 2.375 | L6: 2.41 | M6: 5.724 | N6: ***
A7: MS-2 | B7: 0.7-7d | C7: 19.4 | D7: 19.5 | E7: 24.2 | F7: 24.6 | G7: 23.7 | H7: 23.9 | I7: 14.47 | J7: 1.945 | K7: 2.44 | L7: 2.38 | M7: 5.807
A8: MS-3 | B8: 0.7-7d | C8: 20.3 | D8: 20.6 | E8: 24.4 | F8: 24.5 | G8: 24.6 | H8: 24.4 | I8: 15.11 | J8: 2.045 | K8: 2.445 | L8: 2.45 | M8: 5.99
A9: LS-1 | B9: 0.45-1d | C9: 21.7 | D9: 21.2 | E9: 24.2 | F9: 24 | G9: 24.1 | H9: 24.3 | I9: 19.28 | J9: 2.145 | K9: 2.41 | L9: 2.42 | M9: 5.832
A10: LS-2 | B10: 0.45-1d | C10: 21.2 | D10: 21.6 | E10: 24.5 | F10: 24.3 | G10: 24.4 | H10: 24.8 | I10: 19.85 | J10: 2.14 | K10: 2.44 | L10: 2.46 | M10: 6.002 | N10: ***
A11: LS-3 | B11: 0.45-1d | C11: 21.8 | D11: 21.9 | E11: 24.7 | F11: 25 | G11: 24.2 | H11: 24.7 | I11: 20.32 | J11: 2.185 | K11: 2.485 | L11: 2.445 | M11: 6.076
A12: *** samples used for experimental validation of learned diffusivity functions
A16: Time | B16: Cumulative Absorption (Volumetric Absorbed Water per unit Absorption Area) (cm)
A17: (min) | B17: HS-1 | C17: HS-2 | D17: HS-3 | E17: MS-1 | F17: MS-2 | G17: MS-3 | H17: LS-1 | I17: LS-2 | J17: LS-3
A18: 0 | B18: 0 | C18: 0 | D18: 0 | E18: 0 | F18: 0 | G18: 0 | H18: 0 | I18: 0 | J18: 0
A19: 5 | B19: 0.516 | C19: 0.5 | D19: 0.516 | E19: 0.19 | F19: 0.319 | G19: 0.179 | H19: 0.175 | I19: 0.17 | J19: 0.183
A20: 10 | B20: 0.651 | C20: 0.627 | D20: 0.644 | E20: 0.246 | F20: 0.393 | G20: 0.229 | H20: 0.223 | I20: 0.218 | J20: 0.232
A21: 15 | B21: 0.771 | C21: 0.739 | D21: 0.76 | E21: 0.301 | F21: 0.47 | G21: 0.279 | H21: 0.261 | I21: 0.253 | J21: 0.27
A22: 30 | B22: 0.89 | C22: 0.858 | D22: 0.872 | E22: 0.416 | F22: 0.634 | G22: 0.404 | H22: 0.327 | I22: 0.322 | J22: 0.342
A23: 45 | B23: 0.89 | C23: 0.858 | D23: 0.872 | E23: 0.507 | F23: 0.753 | G23: 0.497 | H23: 0.379 | I23: 0.372 | J23: 0.393
A24: 60 | B24: 0.893 | C24: 0.862 | D24: 0.874 | E24: 0.575 | F24: 0.835 | G24: 0.573 | H24: 0.415 | I24: 0.408 | J24: 0.433
A25: 90 | B25: 0.893 | C25: 0.863 | D25: 0.875 | E25: 0.699 | F25: 0.858 | G25: 0.701 | H25: 0.477 | I25: 0.466 | J25: 0.49
A26: 120 | B26: 0.893 | C26: 0.865 | D26: 0.875 | E26: 0.793 | F26: 0.859 | G26: 0.8 | H26: 0.521 | I26: 0.51 | J26: 0.535
A27: 180 | B27: 0.897 | C27: 0.865 | D27: 0.877 | E27: 0.893 | F27: 0.859 | G27: 0.9 | H27: 0.59 | I27: 0.576 | J27: 0.601
A28: 240 | B28: 0.9 | C28: 0.87 | D28: 0.879 | E28: 0.902 | F28: 0.863 | G28: 0.905 | H28: 0.638 | I28: 0.625 | J28: 0.64
A29: 300 | B29: 0.897 | C29: 0.872 | D29: 0.882 | E29: 0.903 | F29: 0.863 | G29: 0.91 | H29: 0.655 | I29: 0.643 | J29: 0.653
... A32: 10080 | B32: 0.964 | C32: 0.932 | D32: 0.926 | E32: 0.961 | F32: 0.925 | G32: 0.965 | H32: 0.715 | I32: 0.711 | J32: 0.713
A33: HS-1, MS-1, and LS-2 (highlighted in grey) were used for experimental validation of the learned diffusivity model
A36: Time (min) | B36: Absorbed Water Content (g/cm3)
B38: HS-1 | C38: HS-2 | D38: HS-3 | E38: MS-1 | F38: MS-2 | G38: MS-3 | H38: LS-1 | I38: LS-2 | J38: LS-3
A39: 0 | B39: 0 | C39: 0 | D39: 0 | E39: 0 | F39: 0 | G39: 0 | H39: 0 | I39: 0 | J39: 0
A40: 420 | B40: 0.429 | C40: 0.419 | D40: 0.431 | E40: 0.457 | F40: 0.446 | G40: 0.447 | H40: 0.309 | I40: 0.306 | J40: 0.301
A41: 10080 | B41: 0.457 | C41: 0.447 | D41: 0.45 | E41: 0.484 | F41: 0.475 | G41: 0.472 | H41: 0.333 | I41: 0.332 | J41: 0.326
A42: Avg. 420 min (7hr) | B42: =AVERAGE(B40:D40) -> 0.42633333 | E42: =AVERAGE(E40:G40) -> 0.45 | H42: =AVERAGE(H40:J40) -> 0.30533333
A43: Avg. 10080 min (7d) | B43: =AVERAGE(B41:D41) -> 0.45133333 | E43: =AVERAGE(E41:G41) -> 0.477 | H43: =AVERAGE(H41:J41) -> 0.33033333
A47: Extracted for Plotting
A49: Gravimetric 7 hr (avg) | B49: X-ray | C49: Remarks
A50: =B42 -> 0.42633333 | B50: =HS_Xray_Quantified_Lin_attn!B30 -> 0.52596153 | C50: HS
A51: =E42 -> 0.45 | B51: =MS_Xray_Quantified_Lin_attn!B25 -> 0.55026559 | C51: MS
A52: =H42 -> 0.30533333 | B52: =LS_Xray_Quantified_Lin_attn!B31 -> 0.39684243 | C52: LS
A54: Extracted for Plotting
A55: Gravimetric 7hr (all) | B55: Xray | C55: Remarks
A56: 0.429 | B56: =B50 -> 0.52596153 | C56: HS-1
A57: 0.419 | B57: =B50 -> 0.52596153 | C57: HS-2
A58: 0.431 | B58: =B50 -> 0.52596153 | C58: HS-3
A59: 0.457 | B59: =B51 -> 0.55026559 | C59: MS-1
A60: 0.446 | B60: =B51 -> 0.55026559 | C60: MS-2
A61: 0.447 | B61: =B51 -> 0.55026559 | C61: MS-3
A62: 0.309 | B62: =B52 -> 0.39684243 | C62: LS-1
A63: 0.306 | B63: =B52 -> 0.39684243 | C63: LS-2
A64: 0.301 | B64: =B52 -> 0.39684243 | C64: LS-3

Sheet Gravimetric_test_raw_data
D1: Measured Mass of the Specimen (g)
A2: Mix ID | B2: Start Date | C2: Start Time | D2: 0 | E2: 5 | F2: 10 | G2: 15 | H2: 30 | I2: 45 | J2: 60 | K2: 90 | L2: 120 | M2: 180 | N2: 240 | O2: 300 | P2: 360 | Q2: 420 | R2: 7 Days
A3: 0.7-1d-1 | B3: 45651 | C3: 0.54166667 | D3: 14.92 | E3: 17.84 | F3: 18.61 | G3: 19.29 | H3: 19.96 | I3: 19.96 | J3: 19.98 | K3: 19.98 | L3: 19.98 | M3: 20 | N3: 20.02 | O3: 20 | P3: 20.04 | Q3: 20.05 | R3: 20.38
A4: 0.7-1d-2 | B4: 45651 | C4: 0.54166667 | D4: 15 | E4: 17.98 | F4: 18.74 | G4: 19.41 | H4: 20.12 | I4: 20.12 | J4: 20.14 | K4: 20.15 | L4: 20.16 | M4: 20.16 | N4: 20.19 | O4: 20.2 | P4: 20.21 | Q4: 20.21 | R4: 20.56
A5: 0.7-1d-3 | B5: 45651 | C5: 0.54166667 | D5: 14.54 | E5: 17.49 | F5: 18.22 | G5: 18.88 | H5: 19.52 | I5: 19.52 | J5: 19.53 | K5: 19.54 | L5: 19.54 | M5: 19.55 | N5: 19.56 | O5: 19.58 | P5: 19.6 | Q5: 19.61 | R5: 19.83
A6: 0.7-7d-1 | B6: 45651 | C6: 0.54166667 | D6: 14.34 | E6: 15.43 | F6: 15.75 | G6: 16.06 | H6: 16.72 | I6: 17.24 | J6: 17.63 | K6: 18.34 | L6: 18.88 | M6: 19.45 | N6: 19.5 | O6: 19.51 | P6: 19.52 | Q6: 19.53 | R6: 19.84
A7: 0.7-7d-2 | B7: 45651 | C7: 0.54166667 | D7: 14.47 | E7: 16.32 | F7: 16.75 | G7: 17.2 | H7: 18.15 | I7: 18.84 | J7: 19.32 | K7: 19.45 | L7: 19.46 | M7: 19.46 | N7: 19.48 | O7: 19.48 | P7: 19.5 | Q7: 19.51 | R7: 19.84
A8: 0.7-7d-3 | B8: 45651 | C8: 0.54166667 | D8: 15.11 | E8: 16.18 | F8: 16.48 | G8: 16.78 | H8: 17.53 | I8: 18.09 | J8: 18.54 | K8: 19.31 | L8: 19.9 | M8: 20.5 | N8: 20.53 | O8: 20.56 | P8: 20.57 | Q8: 20.58 | R8: 20.89
A9: 0.45-1d-1 | B9: 45651 | C9: 0.54166667 | D9: 19.28 | E9: 20.3 | F9: 20.58 | G9: 20.8 | H9: 21.19 | I9: 21.49 | J9: 21.7 | K9: 22.06 | L9: 22.32 | M9: 22.72 | N9: 23 | O9: 23.1 | P9: 23.14 | Q9: 23.15 | R9: 23.45
A10: 0.45-1d-2 | B10: 45651 | C10: 0.54166667 | D10: 19.85 | E10: 20.87 | F10: 21.16 | G10: 21.37 | H10: 21.78 | I10: 22.08 | J10: 22.3 | K10: 22.65 | L10: 22.91 | M10: 23.31 | N10: 23.6 | O10: 23.71 | P10: 23.76 | Q10: 23.78 | R10: 24.12
A11: 0.45-1d-3 | B11: 45651 | C11: 0.54166667 | D11: 20.32 | E11: 21.43 | F11: 21.73 | G11: 21.96 | H11: 22.4 | I11: 22.71 | J11: 22.95 | K11: 23.3 | L11: 23.57 | M11: 23.97 | N11: 24.21 | O11: 24.29 | P11: 24.3 | Q11: 24.32 | R11: 24.65
D14: Measured Mass of the Specimen (gm) or Volmetric Absorption Equivalent (cm3) - assuming water 1g/cm3
A15: Mix ID | B15: Base Area (cm2) | D15: 0 | E15: 5 | F15: 10 | G15: 15 | H15: 30 | I15: 45 | J15: 60 | K15: 90 | L15: 120 | M15: 180 | N15: 240 | O15: 300 | P15: 360 | Q15: 420 | R15: 7 Days
A16: 0.7-1d-1 | B16: =AVERAGE(Experimental_summary!E3:F3) * AVERAGE(Experimental_summary!G3:H3)/100 -> 5.664375 | D16: =D3-$D3 -> 0 | E16: =E3-$D3 -> 2.92 | F16: =F3-$D3 -> 3.69 | G16: =G3-$D3 -> 4.37 | H16: =H3-$D3 -> 5.04 | I16: =I3-$D3 -> 5.04 | J16: =J3-$D3 -> 5.06 | K16: =K3-$D3 -> 5.06 | ... R16: =R3-$D3 -> 5.46
A17: 0.7-1d-2 | B17: =AVERAGE(Experimental_summary!E4:F4) * AVERAGE(Experimental_summary!G4:H4)/100 -> 5.96575 | D17: =D4-$D4 -> 0 | E17: =E4-$D4 -> 2.98 | F17: =F4-$D4 -> 3.74 | G17: =G4-$D4 -> 4.41 | H17: =H4-$D4 -> 5.12 | I17: =I4-$D4 -> 5.12 | J17: =J4-$D4 -> 5.14 | K17: =K4-$D4 -> 5.15 | ... R17: =R4-$D4 -> 5.56
A18: 0.7-1d-3 | B18: =AVERAGE(Experimental_summary!E5:F5) * AVERAGE(Experimental_summary!G5:H5)/100 -> 5.711875 | D18: =D5-$D5 -> 0 | E18: =E5-$D5 -> 2.95 | F18: =F5-$D5 -> 3.68 | G18: =G5-$D5 -> 4.34 | H18: =H5-$D5 -> 4.98 | I18: =I5-$D5 -> 4.98 | J18: =J5-$D5 -> 4.99 | K18: =K5-$D5 -> 5 | ... R18: =R5-$D5 -> 5.29
A19: 0.7-7d-1 | B19: =AVERAGE(Experimental_summary!E6:F6) * AVERAGE(Experimental_summary!G6:H6)/100 -> 5.72375 | D19: =D6-$D6 -> 0 | E19: =E6-$D6 -> 1.09 | F19: =F6-$D6 -> 1.41 | G19: =G6-$D6 -> 1.72 | H19: =H6-$D6 -> 2.38 | I19: =I6-$D6 -> 2.9 | J19: =J6-$D6 -> 3.29 | K19: =K6-$D6 -> 4 | ... R19: =R6-$D6 -> 5.5
A20: 0.7-7d-2 | B20: =AVERAGE(Experimental_summary!E7:F7) * AVERAGE(Experimental_summary!G7:H7)/100 -> 5.8072 | D20: =D7-$D7 -> 0 | E20: =E7-$D7 -> 1.85 | F20: =F7-$D7 -> 2.28 | G20: =G7-$D7 -> 2.73 | H20: =H7-$D7 -> 3.68 | I20: =I7-$D7 -> 4.37 | J20: =J7-$D7 -> 4.85 | K20: =K7-$D7 -> 4.98 | ... R20: =R7-$D7 -> 5.37
A21: 0.7-7d-3 | B21: =AVERAGE(Experimental_summary!E8:F8) * AVERAGE(Experimental_summary!G8:H8)/100 -> 5.99025 | D21: =D8-$D8 -> 0 | E21: =E8-$D8 -> 1.07 | F21: =F8-$D8 -> 1.37 | G21: =G8-$D8 -> 1.67 | H21: =H8-$D8 -> 2.42 | I21: =I8-$D8 -> 2.98 | J21: =J8-$D8 -> 3.43 | K21: =K8-$D8 -> 4.2 | ... R21: =R8-$D8 -> 5.78
A22: 0.45-1d-1 | B22: =AVERAGE(Experimental_summary!E9:F9) * AVERAGE(Experimental_summary!G9:H9)/100 -> 5.8322 | D22: =D9-$D9 -> 0 | E22: =E9-$D9 -> 1.02 | F22: =F9-$D9 -> 1.3 | G22: =G9-$D9 -> 1.52 | H22: =H9-$D9 -> 1.91 | I22: =I9-$D9 -> 2.21 | J22: =J9-$D9 -> 2.42 | K22: =K9-$D9 -> 2.78 | ... R22: =R9-$D9 -> 4.17
A23: 0.45-1d-2 | B23: =AVERAGE(Experimental_summary!E10:F10) * AVERAGE(Experimental_summary!G10:H10)/100 -> 6.0024 | D23: =D10-$D10 -> 0 | E23: =E10-$D10 -> 1.02 | F23: =F10-$D10 -> 1.31 | G23: =G10-$D10 -> 1.52 | H23: =H10-$D10 -> 1.93 | I23: =I10-$D10 -> 2.23 | J23: =J10-$D10 -> 2.45 | K23: =K10-$D10 -> 2.8 | ... R23: =R10-$D10 -> 4.27
A24: 0.45-1d-3 | B24: =AVERAGE(Experimental_summary!E11:F11) * AVERAGE(Experimental_summary!G11:H11)/100 -> 6.075825 | D24: =D11-$D11 -> 0 | E24: =E11-$D11 -> 1.11 | F24: =F11-$D11 -> 1.41 | G24: =G11-$D11 -> 1.64 | H24: =H11-$D11 -> 2.08 | I24: =I11-$D11 -> 2.39 | J24: =J11-$D11 -> 2.63 | K24: =K11-$D11 -> 2.98 | ... R24: =R11-$D11 -> 4.33
D26: Absorbed Mass per unit absorption area (gm/cm2) | or Equivalently Cumulative Absorption (cm) in water column height
A27: Mix ID | D27: 0 | E27: 5 | F27: 10 | G27: 15 | H27: 30 | I27: 45 | J27: 60 | K27: 90 | L27: 120 | M27: 180 | N27: 240 | O27: 300 | P27: 360 | Q27: 420 | R27: 7 Days
A28: 0.7-1d-1 | D28: =D16/$B16 -> 0 | E28: =E16/$B16 -> 0.51550259 | F28: =F16/$B16 -> 0.65143992 | G28: =G16/$B16 -> 0.77148847 | H28: =H16/$B16 -> 0.8897716 | I28: =I16/$B16 -> 0.8897716 | J28: =J16/$B16 -> 0.89330244 | K28: =K16/$B16 -> 0.89330244 | ... R28: =R16/$B16 -> 0.96391923
A29: 0.7-1d-2 | D29: =D17/$B17 -> 0 | E29: =E17/$B17 -> 0.49951808 | F29: =F17/$B17 -> 0.62691196 | G29: =G17/$B17 -> 0.73921971 | H29: =H17/$B17 -> 0.85823241 | I29: =I17/$B17 -> 0.85823241 | J29: =J17/$B17 -> 0.86158488 | K29: =K17/$B17 -> 0.86326112 | ... R29: =R17/$B17 -> 0.93198676
A30: 0.7-1d-3 | D30: =D18/$B18 -> 0 | E30: =E18/$B18 -> 0.51646788 | F30: =F18/$B18 -> 0.6442718 | G30: =G18/$B18 -> 0.75982055 | H30: =H18/$B18 -> 0.87186782 | I30: =I18/$B18 -> 0.87186782 | J30: =J18/$B18 -> 0.87361856 | K30: =K18/$B18 -> 0.8753693 | ... R30: =R18/$B18 -> 0.92614072
A31: 0.7-7d-1 | D31: =D19/$B19 -> 0 | E31: =E19/$B19 -> 0.19043459 | F31: =F19/$B19 -> 0.246342 | G31: =G19/$B19 -> 0.30050229 | H31: =H19/$B19 -> 0.41581131 | I31: =I19/$B19 -> 0.50666084 | J31: =J19/$B19 -> 0.57479799 | K31: =K19/$B19 -> 0.69884254 | ... R31: =R19/$B19 -> 0.9609085
A32: 0.7-7d-2 | D32: =D20/$B20 -> 0 | E32: =E20/$B20 -> 0.31857005 | F32: =F20/$B20 -> 0.39261606 | G32: =G20/$B20 -> 0.47010608 | H32: =H20/$B20 -> 0.6336961 | I32: =I20/$B20 -> 0.75251412 | J32: =J20/$B20 -> 0.83517013 | K32: =K20/$B20 -> 0.85755614 | ... R32: =R20/$B20 -> 0.92471415
A33: 0.7-7d-3 | D33: =D21/$B21 -> 0 | E33: =E21/$B21 -> 0.1786236 | F33: =F21/$B21 -> 0.22870498 | G33: =G21/$B21 -> 0.27878636 | H33: =H21/$B21 -> 0.40398982 | I33: =I21/$B21 -> 0.49747506 | J33: =J21/$B21 -> 0.57259714 | K33: =K21/$B21 -> 0.70113935 | ... R33: =R21/$B21 -> 0.9649013
A34: 0.45-1d-1 | D34: =D22/$B22 -> 0 | E34: =E22/$B22 -> 0.17489112 | F34: =F22/$B22 -> 0.22290045 | G34: =G22/$B22 -> 0.26062206 | H34: =H22/$B22 -> 0.3274922 | I34: =I22/$B22 -> 0.37893076 | J34: =J22/$B22 -> 0.41493776 | K34: =K22/$B22 -> 0.47666404 | ... R34: =R22/$B22 -> 0.71499606
A35: 0.45-1d-2 | D35: =D23/$B23 -> 0 | E35: =E23/$B23 -> 0.16993203 | F35: =F23/$B23 -> 0.21824603 | G35: =G23/$B23 -> 0.25323204 | H35: =H23/$B23 -> 0.32153805 | I35: =I23/$B23 -> 0.37151806 | J35: =J23/$B23 -> 0.40817007 | K35: =K23/$B23 -> 0.46648007 | ... R35: =R23/$B23 -> 0.71138211
A36: 0.45-1d-3 | D36: =D24/$B24 -> 0 | E36: =E24/$B24 -> 0.18269124 | F36: =F24/$B24 -> 0.23206725 | G36: =G24/$B24 -> 0.26992219 | H36: =H24/$B24 -> 0.34234034 | I36: =I24/$B24 -> 0.39336222 | J36: =J24/$B24 -> 0.43286303 | K36: =K24/$B24 -> 0.49046837 | ... R36: =R24/$B24 -> 0.71266042
D39: Total Absorbed Water convent per unit bulk volume of specimen (g/cm3)
A40: Mix ID | B40: Avg. Height (cm) | D40: 0 | E40: 5 | F40: 10 | G40: 15 | H40: 30 | I40: 45 | J40: 60 | K40: 90 | L40: 120 | M40: 180 | N40: 240 | O40: 300 | P40: 360 | Q40: 420 | R40: 7 Days
A41: 0.7-1d-1 | B41: =Experimental_summary!J3 -> 2.11 | D41: =D28/$B41 -> 0 | E41: =E28/$B41 -> 0.24431403 | F41: =F28/$B41 -> 0.3087393 | G41: =G28/$B41 -> 0.36563435 | H41: =H28/$B41 -> 0.4216927 | I41: =I28/$B41 -> 0.4216927 | J41: =J28/$B41 -> 0.42336608 | K41: =K28/$B41 -> 0.42336608 | ... R41: =R28/$B41 -> 0.45683376
A42: 0.7-1d-2 | B42: =Experimental_summary!J4 -> 2.085 | D42: =D29/$B42 -> 0 | E42: =E29/$B42 -> 0.23957702 | F42: =F29/$B42 -> 0.3006772 | G42: =G29/$B42 -> 0.35454183 | H42: =H29/$B42 -> 0.41162226 | I42: =I29/$B42 -> 0.41162226 | J42: =J29/$B42 -> 0.41323016 | K42: =K29/$B42 -> 0.41403411 | ... R42: =R29/$B42 -> 0.44699605
A43: 0.7-1d-3 | B43: =Experimental_summary!J5 -> 2.06 | D43: =D30/$B43 -> 0 | E43: =E30/$B43 -> 0.25071257 | F43: =F30/$B43 -> 0.3127533 | G43: =G30/$B43 -> 0.36884493 | H43: =H30/$B43 -> 0.42323681 | I43: =I30/$B43 -> 0.42323681 | J43: =J30/$B43 -> 0.42408668 | K43: =K30/$B43 -> 0.42493655 | ... R43: =R30/$B43 -> 0.44958287
A44: 0.7-7d-1 | B44: =Experimental_summary!J6 -> 1.985 | D44: =D31/$B44 -> 0 | E44: =E31/$B44 -> 0.095936823 | F44: =F31/$B44 -> 0.12410176 | G44: =G31/$B44 -> 0.15138655 | H44: =H31/$B44 -> 0.20947673 | I44: =I31/$B44 -> 0.25524476 | J44: =J31/$B44 -> 0.28957078 | K44: =K31/$B44 -> 0.35206173 | ... R44: =R31/$B44 -> 0.48408488
A45: 0.7-7d-2 | B45: =Experimental_summary!J7 -> 1.945 | D45: =D32/$B45 -> 0 | E45: =E32/$B45 -> 0.16378923 | F45: =F32/$B45 -> 0.20185916 | G45: =G32/$B45 -> 0.24169978 | H45: =H32/$B45 -> 0.32580776 | I45: =I32/$B45 -> 0.38689672 | J45: =J32/$B45 -> 0.42939338 | K45: =K32/$B45 -> 0.4409029 | ... R45: =R32/$B45 -> 0.47543144
A46: 0.7-7d-3 | B46: =Experimental_summary!J8 -> 2.045 | D46: =D33/$B46 -> 0 | E46: =E33/$B46 -> 0.087346502 | F46: =F33/$B46 -> 0.11183618 | G46: =G33/$B46 -> 0.13632585 | H46: =H33/$B46 -> 0.19755003 | I46: =I33/$B46 -> 0.24326409 | J46: =J33/$B46 -> 0.2799986 | K46: =K33/$B46 -> 0.34285543 | ... R46: =R33/$B46 -> 0.47183438
A47: 0.45-1d-1 | B47: =Experimental_summary!J9 -> 2.145 | D47: =D34/$B47 -> 0 | E47: =E34/$B47 -> 0.081534322 | F47: =F34/$B47 -> 0.10391629 | G47: =G34/$B47 -> 0.12150213 | H47: =H34/$B47 -> 0.15267702 | I47: =I34/$B47 -> 0.1766577 | J47: =J34/$B47 -> 0.19344418 | K47: =K34/$B47 -> 0.222221 | ... R47: =R34/$B47 -> 0.33333149
A48: 0.45-1d-2 | B48: =Experimental_summary!J10 -> 2.14 | D48: =D35/$B48 -> 0 | E48: =E35/$B48 -> 0.079407489 | F48: =F35/$B48 -> 0.10198413 | G48: =G35/$B48 -> 0.11833273 | H48: =H35/$B48 -> 0.15025143 | I48: =I35/$B48 -> 0.17360657 | J48: =J35/$B48 -> 0.19073368 | K48: =K35/$B48 -> 0.21798134 | ... R48: =R35/$B48 -> 0.33242155
A49: 0.45-1d-3 | B49: =Experimental_summary!J11 -> 2.185 | D49: =D36/$B49 -> 0 | E49: =E36/$B49 -> 0.083611551 | F49: =F36/$B49 -> 0.10620927 | G49: =G36/$B49 -> 0.12353418 | H49: =H36/$B49 -> 0.1566775 | I49: =I36/$B49 -> 0.18002848 | J49: =J36/$B49 -> 0.19810665 | K49: =K36/$B49 -> 0.22447065 | ... R49: =R36/$B49 -> 0.32616038

Sheet HS_Xray_Quantified_Scaled
A1: Scaling of X-ray Quantified Data based on the Gravimetric Absorption Water Content at 7h | PINN Input
A2: Adopted Constant Scaling Factor: | F2: =0.805 -> 0.805
A3: Time(min) / Dist. From bottom ROI (cm) | B3: 0 | C3: 0.00316 | D3: 0.00633 | E3: 0.00949 | F3: 0.01265 | G3: 0.01582 | H3: 0.01898 | I3: 0.02214 | J3: 0.0253 | K3: 0.02847 | L3: 0.03163 | M3: 0.03479 | N3: 0.03796 | O3: 0.04112 | P3: 0.04428 | Q3: 0.04744 | R3: 0.05061 | S3: 0.05377 | T3: 0.05693 | U3: 0.0601 | V3: 0.06326 | W3: 0.06642 | X3: 0.06959 | Y3: 0.07275 | Z3: 0.07591 | AA3: 0.07908 | AB3: 0.08224 | AC3: 0.0854 | AD3: 0.08856 | AE3: 0.09173 | AF3: 0.09489 | AG3: 0.09805 | AH3: 0.10122 | AI3: 0.10438 | AJ3: 0.10754 | AK3: 0.1107 | AL3: 0.11387 | AM3: 0.11703 | AN3: 0.12019 | AO3: 0.12336 | AP3: 0.12652 | AQ3: 0.12968 | AR3: 0.13285 | AS3: 0.13601 | AT3: 0.13917 | AU3: 0.14233 | AV3: 0.1455 | AW3: 0.14866 | AX3: 0.15182 | AY3: 0.15499 | AZ3: 0.15815 | BA3: 0.16131 | BB3: 0.16448 | BC3: 0.16764 | BD3: 0.1708 | BE3: 0.17396 | BF3: 0.17713 | BG3: 0.18029 | BH3: 0.18345 | BI3: 0.18662 | BJ3: 0.18978 | BK3: 0.19294 | BL3: 0.19611 | BM3: 0.19927 | BN3: 0.20243 | BO3: 0.20559 | BP3: 0.20876 | BQ3: 0.21192 | BR3: 0.21508 | BS3: 0.21825 | BT3: 0.22141 | BU3: 0.22457 | BV3: 0.22774 | BW3: 0.2309 | BX3: 0.23406 | BY3: 0.23722 | BZ3: 0.24039 | CA3: 0.24355 | CB3: 0.24671 | CC3: 0.24988 | CD3: 0.25304 | CE3: 0.2562 | CF3: 0.25937 | CG3: 0.26253 | CH3: 0.26569 | CI3: 0.26885 | CJ3: 0.27202 | CK3: 0.27518 | CL3: 0.27834 | CM3: 0.28151 | CN3: 0.28467 | CO3: 0.28783 | CP3: 0.291 | CQ3: 0.29416 | CR3: 0.29732 | CS3: 0.30048 | CT3: 0.30365 | CU3: 0.30681 | CV3: 0.30997 | CW3: 0.31314 | CX3: 0.3163 | CY3: 0.31946 | CZ3: 0.32263 | DA3: 0.32579 | DB3: 0.32895 | DC3: 0.33212 | DD3: 0.33528 | DE3: 0.33844 | DF3: 0.3416 | DG3: 0.34477 | DH3: 0.34793 | DI3: 0.35109 | DJ3: 0.35426 | DK3: 0.35742 | DL3: 0.36058 | DM3: 0.36374 | DN3: 0.36691 | DO3: 0.37007 | DP3: 0.37323 | DQ3: 0.3764 | DR3: 0.37956 | DS3: 0.38272 | DT3: 0.38589 | DU3: 0.38905 | DV3: 0.39221 | DW3: 0.39538 | DX3: 0.39854 | DY3: 0.4017 | DZ3: 0.40486 | EA3: 0.40803 | EB3: 0.41119 | EC3: 0.41435 | ED3: 0.41752 | EE3: 0.42068 | EF3: 0.42384 | EG3: 0.427 | EH3: 0.43017 | EI3: 0.43333 | EJ3: 0.43649 | EK3: 0.43966 | EL3: 0.44282 | EM3: 0.44598 | EN3: 0.44915 | EO3: 0.45231 | EP3: 0.45547 | EQ3: 0.45863 | ER3: 0.4618 | ES3: 0.46496 | ET3: 0.46812 | EU3: 0.47129 | EV3: 0.47445 | EW3: 0.47761 | EX3: 0.48078 | EY3: 0.48394 | EZ3: 0.4871 | FA3: 0.49026 | FB3: 0.49343 | FC3: 0.49659 | FD3: 0.49975 | FE3: 0.50292 | FF3: 0.50608 | FG3: 0.50924 | FH3: 0.51241 | FI3: 0.51557 | FJ3: 0.51873 | FK3: 0.5219 | FL3: 0.52506 | FM3: 0.52822 | FN3: 0.53138 | FO3: 0.53455 | FP3: 0.53771 | FQ3: 0.54087 | FR3: 0.54404 | FS3: 0.5472 | FT3: 0.55036 | FU3: 0.55353 | FV3: 0.55669 | FW3: 0.55985 | FX3: 0.56301 | FY3: 0.56618 | FZ3: 0.56934 | GA3: 0.5725 | GB3: 0.57567 | GC3: 0.57883 | GD3: 0.58199 | GE3: 0.58516 | GF3: 0.58832 | GG3: 0.59148 | GH3: 0.59464 | GI3: 0.59781 | GJ3: 0.60097 | GK3: 0.60413 | GL3: 0.6073 | GM3: 0.61046 | GN3: 0.61362 | GO3: 0.61678 | GP3: 0.61995 | GQ3: 0.62311 | GR3: 0.62627 | GS3: 0.62944 | GT3: 0.6326 | GU3: 0.63576 | GV3: 0.63893 | GW3: 0.64209 | GX3: 0.64525 | GY3: 0.64842 | GZ3: 0.65158 | HA3: 0.65474 | HB3: 0.6579 | HC3: 0.66107 | HD3: 0.66423 | HE3: 0.66739 | HF3: 0.67056 | HG3: 0.67372 | HH3: 0.67688 | HI3: 0.68004 | HJ3: 0.68321 | HK3: 0.68637 | HL3: 0.68953 | HM3: 0.6927 | HN3: 0.69586 | HO3: 0.69902 | HP3: 0.70219 | HQ3: 0.70535 | HR3: 0.70851 | HS3: 0.71168 | HT3: 0.71484 | HU3: 0.718 | HV3: 0.72116 | HW3: 0.72433 | HX3: 0.72749 | HY3: 0.73065 | HZ3: 0.73382 | IA3: 0.73698 | IB3: 0.74014 | IC3: 0.7433 | ID3: 0.74647 | IE3: 0.74963 | IF3: 0.75279 | IG3: 0.75596 | IH3: 0.75912 | II3: 0.76228 | IJ3: 0.76545 | IK3: 0.76861 | IL3: 0.77177 | IM3: 0.77494 | IN3: 0.7781 | IO3: 0.78126 | IP3: 0.78442 | IQ3: 0.78759 | IR3: 0.79075 | IS3: 0.79391 | IT3: 0.79708 | IU3: 0.80024 | IV3: 0.8034 | IW3: 0.80656 | IX3: 0.80973 | IY3: 0.81289 | IZ3: 0.81605 | JA3: 0.81922 | JB3: 0.82238 | JC3: 0.82554 | JD3: 0.82871 | JE3: 0.83187 | JF3: 0.83503 | JG3: 0.83819 | JH3: 0.84136 | JI3: 0.84452 | JJ3: 0.84768 | JK3: 0.85085 | JL3: 0.85401 | JM3: 0.85717 | JN3: 0.86034 | JO3: 0.8635 | JP3: 0.86666 | JQ3: 0.86982 | JR3: 0.87299 | JS3: 0.87615 | JT3: 0.87931 | JU3: 0.88248 | JV3: 0.88564 | JW3: 0.8888 | JX3: 0.89197 | JY3: 0.89513 | JZ3: 0.89829 | KA3: 0.90145 | KB3: 0.90462 | KC3: 0.90778 | KD3: 0.91094 | KE3: 0.91411 | KF3: 0.91727 | KG3: 0.92043 | KH3: 0.9236 | KI3: 0.92676 | KJ3: 0.92992 | KK3: 0.93308 | KL3: 0.93625 | KM3: 0.93941 | KN3: 0.94257 | KO3: 0.94574 | KP3: 0.9489 | KQ3: 0.95206 | KR3: 0.95523 | KS3: 0.95839 | KT3: 0.96155 | KU3: 0.96472 | KV3: 0.96788 | KW3: 0.97104 | KX3: 0.9742 | KY3: 0.97737 | KZ3: 0.98053 | LA3: 0.98369 | LB3: 0.98686 | LC3: 0.99002 | LD3: 0.99318 | LE3: 0.99634 | LF3: 0.99951 | LG3: 1.00267 | LH3: 1.00583 | LI3: 1.009 | LJ3: 1.01216 | LK3: 1.01532 | LL3: 1.01849 | LM3: 1.02165 | LN3: 1.02481 | LO3: 1.02798 | LP3: 1.03114 | LQ3: 1.0343 | LR3: 1.03746 | LS3: 1.04063 | LT3: 1.04379 | LU3: 1.04695 | LV3: 1.05012 | LW3: 1.05328 | LX3: 1.05644 | LY3: 1.0596 | LZ3: 1.06277 | MA3: 1.06593 | MB3: 1.06909 | MC3: 1.07226 | MD3: 1.07542 | ME3: 1.07858 | MF3: 1.08175 | MG3: 1.08491 | MH3: 1.08807 | MI3: 1.09124 | MJ3: 1.0944 | MK3: 1.09756 | ML3: 1.10072 | MM3: 1.10389 | MN3: 1.10705 | MO3: 1.11021 | MP3: 1.11338 | MQ3: 1.11654 | MR3: 1.1197 | MS3: 1.12286 | MT3: 1.12603 | MU3: 1.12919 | MV3: 1.13235 | MW3: 1.13552 | MX3: 1.13868 | MY3: 1.14184 | MZ3: 1.14501 | NA3: 1.14817 | NB3: 1.15133 | NC3: 1.15449 | ND3: 1.15766 | NE3: 1.16082 | NF3: 1.16398 | NG3: 1.16715 | NH3: 1.17031 | NI3: 1.17347 | NJ3: 1.17664 | NK3: 1.1798 | NL3: 1.18296 | NM3: 1.18613 | NN3: 1.18929 | NO3: 1.19245 | NP3: 1.19561 | NQ3: 1.19878 | NR3: 1.20194 | NS3: 1.2051 | NT3: 1.20827 | NU3: 1.21143 | NV3: 1.21459 | NW3: 1.21775 | NX3: 1.22092 | NY3: 1.22408 | NZ3: 1.22724 | OA3: 1.23041 | OB3: 1.23357 | OC3: 1.23673 | OD3: 1.2399 | OE3: 1.24306 | OF3: 1.24622 | OG3: 1.24938 | OH3: 1.25255 | OI3: 1.25571 | OJ3: 1.25887 | OK3: 1.26204 | OL3: 1.2652 | OM3: 1.26836 | ON3: 1.27153 | OO3: 1.27469 | OP3: 1.27785 | OQ3: 1.28102 | OR3: 1.28418 | OS3: 1.28734 | OT3: 1.2905 | OU3: 1.29367 | OV3: 1.29683 | OW3: 1.29999 | OX3: 1.30316 | OY3: 1.30632 | OZ3: 1.30948 | PA3: 1.31264 | PB3: 1.31581 | PC3: 1.31897 | PD3: 1.32213 | PE3: 1.3253 | PF3: 1.32846 | PG3: 1.33162 | PH3: 1.33479 | PI3: 1.33795 | PJ3: 1.34111 | PK3: 1.34428 | PL3: 1.34744 | PM3: 1.3506 | PN3: 1.35376 | PO3: 1.35693 | PP3: 1.36009 | PQ3: 1.36325 | PR3: 1.36642 | PS3: 1.36958 | PT3: 1.37274 | PU3: 1.3759 | PV3: 1.37907 | PW3: 1.38223 | PX3: 1.38539 | PY3: 1.38856 | PZ3: 1.39172 | QA3: 1.39488 | QB3: 1.39805 | QC3: 1.40121 | QD3: 1.40437 | QE3: 1.40754 | QF3: 1.4107 | QG3: 1.41386 | QH3: 1.41702 | QI3: 1.42019 | QJ3: 1.42335 | QK3: 1.42651 | QL3: 1.42968 | QM3: 1.43284 | QN3: 1.436 | QO3: 1.43916 | QP3: 1.44233 | QQ3: 1.44549 | QR3: 1.44865 | QS3: 1.45182 | QT3: 1.45498 | QU3: 1.45814 | QV3: 1.46131 | QW3: 1.46447 | QX3: 1.46763 | QY3: 1.47079 | QZ3: 1.47396 | RA3: 1.47712 | RB3: 1.48028 | RC3: 1.48345 | RD3: 1.48661 | RE3: 1.48977 | RF3: 1.49294 | RG3: 1.4961 | RH3: 1.49926 | RI3: 1.50242 | RJ3: 1.50559 | RK3: 1.50875 | RL3: 1.51191 | RM3: 1.51508 | RN3: 1.51824 | RO3: 1.5214 | RP3: 1.52457 | RQ3: 1.52773 | RR3: 1.53089 | RS3: 1.53406 | RT3: 1.53722 | RU3: 1.54038 | RV3: 1.54354 | RW3: 1.54671 | RX3: 1.54987 | RY3: 1.55303 | RZ3: 1.5562 | SA3: 1.55936 | SB3: 1.56252 | SC3: 1.56568 | SD3: 1.56885 | SE3: 1.57201 | SF3: 1.57517 | SG3: 1.57834 | SH3: 1.5815 | SI3: 1.58466 | SJ3: 1.58783 | SK3: 1.59099 | SL3: 1.59415 | SM3: 1.59732 | SN3: 1.60048 | SO3: 1.60364 | SP3: 1.6068 | SQ3: 1.60997 | SR3: 1.61313 | SS3: 1.61629 | ST3: 1.61946 | SU3: 1.62262 | SV3: 1.62578 | SW3: 1.62894 | SX3: 1.63211 | SY3: 1.63527 | SZ3: 1.63843 | TA3: 1.6416 | TB3: 1.64476 | TC3: 1.64792 | TD3: 1.65109 | TE3: 1.65425 | TF3: 1.65741 | TG3: 1.66058 | TH3: 1.66374 | TI3: 1.6669 | TJ3: 1.67006 | TK3: 1.67323 | TL3: 1.67639 | TM3: 1.67955 | TN3: 1.68272 | TO3: 1.68588 | TP3: 1.68904 | TQ3: 1.6922 | TR3: 1.69537 | TS3: 1.69853 | TT3: 1.70169 | TU3: 1.70486 | TV3: 1.70802 | TW3: 1.71118 | TX3: 1.71435 | TY3: 1.71751 | TZ3: 1.72067 | UA3: 1.72383 | UB3: 1.727 | UC3: 1.73016 | UD3: 1.73332 | UE3: 1.73649 | UF3: 1.73965 | UG3: 1.74281 | UH3: 1.74598 | UI3: 1.74914 | UJ3: 1.7523 | UK3: 1.75546 | UL3: 1.75863 | UM3: 1.76179 | UN3: 1.76495 | UO3: 1.76812 | UP3: 1.77128 | UQ3: 1.77444 | UR3: 1.77761 | US3: 1.78077 | UT3: 1.78393 | UU3: 1.7871 | UV3: 1.79026 | UW3: 1.79342 | UX3: 1.79658 | UY3: 1.79975 | UZ3: 1.80291 | VA3: 1.80607 | VB3: 1.80924 | VC3: 1.8124 | VD3: 1.81556 | VE3: 1.81872 | VF3: 1.82189 | VG3: 1.82505 | VH3: 1.82821 | VI3: 1.83138 | VJ3: 1.83454 | VK3: 1.8377 | VL3: 1.84087 | VM3: 1.84403 | VN3: 1.84719 | VO3: 1.85036 | VP3: 1.85352 | VQ3: 1.85668 | VR3: 1.85984 | VS3: 1.86301 | VT3: 1.86617 | VU3: 1.86933 | VV3: 1.8725 | VW3: 1.87566 | VX3: 1.87882 | VY3: 1.88198 | VZ3: 1.88515 | WA3: 1.88831 | WB3: 1.89147 | WC3: 1.89464 | WD3: 1.8978 | WE3: 1.90096 | WF3: 1.90413 | WG3: 1.90729 | WH3: 1.91045 | WI3: 1.91361 | WJ3: 1.91678 | WK3: 1.91994 | WL3: 1.9231 | WM3: 1.92627 | WN3: 1.92943 | WO3: 1.93259 | WP3: 1.93576 | WQ3: 1.93892 | WR3: 1.94208 | WS3: 1.94524 | WT3: 1.94841 | WU3: 1.95157 | WV3: 1.95473 | WW3: 1.9579 | WX3: 1.96106 | WY3: 1.96422 | WZ3: 1.96739 | XA3: 1.97055 | XB3: 1.97371 | XC3: 1.97688 | XD3: 1.98004 | XE3: 1.9832 | XF3: 1.98636 | XG3: 1.98953 | XH3: 1.99269 | XI3: 1.99585 | XJ3: 1.99902 | XK3: 2.00218 | XL3: 2.00534 | XM3: 2.0085 | XN3: 2.01167 | XO3: 2.01483 | XP3: 2.01799 | XQ3: 2.02116 | XR3: 2.02432 | XS3: 2.02748 | XT3: 2.03065 | XU3: 2.03381 | XV3: 2.03697 | XW3: 2.04013 | XX3: 2.0433 | XY3: 2.04646 | XZ3: 2.04962 | YA3: 2.05279 | YB3: 2.05595 | YC3: 2.05911 | YD3: 2.06228 | YE3: 2.06544 | YF3: 2.0686 | YG3: 2.07176 | YH3: 2.07493 | YI3: 2.07809 | YJ3: 2.08125 | YK3: 2.08442 | YL3: 2.08758 | YM3: 2.09074 | YN3: 2.09391 | YO3: 2.09707 | YP3: 2.10023 | YQ3: 2.1034 | YR3: 2.10656 | YS3: 2.10972 | YT3: 2.11288 | YU3: 2.11605 | YV3: 2.11921 | YW3: 2.12237 | YX3: 2.12554 | YY3: 2.1287 | YZ3: 2.13186 | ZA3: 2.13503 | ZB3: 2.13819 | ZC3: 2.14135 | ZD3: 2.14451 | ZE3: 2.14768 | ZF3: 2.15084 | ZG3: 2.154 | ZH3: 2.15717 | ZI3: 2.16033 | ZJ3: 2.16349 | ZK3: 2.16666 | ZL3: 2.16982 | ZM3: 2.17298 | ZN3: 2.17614 | ZO3: 2.17931 | ZP3: 2.18247 | ZQ3: 2.18563 | ZR3: 2.1888 | ZS3: 2.19196 | ZT3: 2.19512 | ZU3: 2.19828 | ZV3: 2.20145 | ZW3: 2.20461 | ZX3: 2.20777 | ZY3: 2.21094 | ZZ3: 2.2141 | AAA3: 2.21726 | AAB3: 2.22043 | AAC3: 2.22359 | AAD3: 2.22675 | AAE3: 2.22991 | AAF3: 2.23308 | AAG3: 2.23624 | AAH3: 2.2394 | AAI3: 2.24257 | AAJ3: 2.24573 | AAK3: 2.24889 | AAL3: 2.25206 | AAM3: 2.25522 | AAN3: 2.25838 | AAO3: 2.26154 | AAP3: 2.26471 | AAQ3: 2.26787 | AAR3: 2.27103 | AAS3: 2.2742 | AAT3: 2.27736 | AAU3: 2.28052 | AAV3: 2.28369 | AAW3: 2.28685 | AAX3: 2.29001 | AAY3: 2.29318 | AAZ3: 2.29634 | ABA3: 2.2995 | ABB3: 2.30266 | ABC3: 2.30583 | ABD3: 2.30899 | ABE3: 2.31215 | ABF3: 2.31532 | ABG3: 2.31848 | ABH3: 2.32164 | ABI3: 2.3248 | ABJ3: 2.32797 | ABK3: 2.33113 | ABL3: 2.33429 | ABM3: 2.33746 | ABN3: 2.34062 | ABO3: 2.34378 | ABP3: 2.34695 | ABQ3: 2.35011 | ABR3: 2.35327 | ABS3: 2.35643 | ABT3: 2.3596 | ABU3: 2.36276 | ABV3: 2.36592 | ABW3: 2.36909 | ABX3: 2.37225 | ABY3: 2.37541 | ABZ3: 2.37858 | ACA3: 2.38174 | ACB3: 2.3849 | ACC3: 2.38806 | ACD3: 2.39123 | ACE3: 2.39439 | ACF3: 2.39755 | ACG3: 2.40072 | ACH3: 2.40388 | ACI3: 2.40704 | ACJ3: 2.41021 | ACK3: 2.41337 | ACL3: 2.41653 | ACM3: 2.4197 | ACN3: 2.42286 | ACO3: 2.42602 | ACP3: 2.42918 | ACQ3: 2.43235 | ACR3: 2.43551 | ACS3: 2.43867 | ACT3: 2.44184 | ACU3: 2.445 | ACV3: 2.44816 | ACW3: 2.45133 | ACX3: 2.45449 | ACY3: 2.45765 | ACZ3: 2.46081 | ADA3: 2.46398 | ADB3: 2.46714 | ADC3: 2.4703 | ADD3: 2.47347 | ADE3: 2.47663 | ADF3: 2.47979 | ADG3: 2.48296 | ADH3: 2.48612 | ADI3: 2.48928 | ADJ3: 2.49244 | ADK3: 2.49561 | ADL3: 2.49877 | ADM3: 2.50193 | ADN3: 2.5051 | ADO3: 2.50826 | ADP3: 2.51142 | ADQ3: 2.51458 | ADR3: 2.51775 | ADS3: 2.52091 | ADT3: 2.52407 | ADU3: 2.52724 | ADV3: 2.5304 | ADW3: 2.53356 | ADX3: 2.53673 | ADY3: 2.53989 | ADZ3: 2.54305 | AEA3: 2.54621 | AEB3: 2.54938 | AEC3: 2.55254 | AED3: 2.5557 | AEE3: 2.55887 | AEF3: 2.56203 | AEG3: 2.56519 | AEH3: 2.56836 | AEI3: 2.57152 | AEJ3: 2.57468 | AEK3: 2.57784 | AEL3: 2.58101 | AEM3: 2.58417 | AEN3: 2.58733 | AEO3: 2.5905 | AEP3: 2.59366 | AEQ3: 2.59682 | AER3: 2.59999 | AES3: 2.60315 | AET3: 2.60631 | AEU3: 2.60948 | AEV3: 2.61264 | AEW3: 2.6158 | AEX3: 2.61896 | AEY3: 2.62213 | AEZ3: 2.62529 | AFA3: 2.62845 | AFB3: 2.63162 | AFC3: 2.63478 | AFD3: 2.63794 | AFE3: 2.6411 | AFF3: 2.64427 | AFG3: 2.64743 | AFH3: 2.65059 | AFI3: 2.65376 | AFJ3: 2.65692 | AFK3: 2.66008 | AFL3: 2.66325 | AFM3: 2.66641 | AFN3: 2.66957 | AFO3: 2.67274 | AFP3: 2.6759 | AFQ3: 2.67906 | AFR3: 2.68222 | AFS3: 2.68539 | AFT3: 2.68855 | AFU3: 2.69171 | AFV3: 2.69488 | AFW3: 2.69804 | AFX3: 2.7012 | AFY3: 2.70436 | AFZ3: 2.70753 | AGA3: 2.71069 | AGB3: 2.71385 | AGC3: 2.71702 | AGD3: 2.72018 | AGE3: 2.72334 | AGF3: 2.72651 | AGG3: 2.72967 | AGH3: 2.73283 | AGI3: 2.736 | AGJ3: 2.73916 | AGK3: 2.74232 | AGL3: 2.74548 | AGM3: 2.74865 | AGN3: 2.75181 | AGO3: 2.75497 | AGP3: 2.75814 | AGQ3: 2.7613 | AGR3: 2.76446 | AGS3: 2.76762 | AGT3: 2.77079 | AGU3: 2.77395 | AGV3: 2.77711 | AGW3: 2.78028 | AGX3: 2.78344 | AGY3: 2.7866 | AGZ3: 2.78977 | AHA3: 2.79293 | AHB3: 2.79609 | AHC3: 2.79926 | AHD3: 2.80242 | AHE3: 2.80558 | AHF3: 2.80874 | AHG3: 2.81191 | AHH3: 2.81507 | AHI3: 2.81823 | AHJ3: 2.8214 | AHK3: 2.82456 | AHL3: 2.82772 | AHM3: 2.83088 | AHN3: 2.83405 | AHO3: 2.83721 | AHP3: 2.84037 | AHQ3: 2.84354
A4: 1.5 | B4: =HS_Xray_Quantified_Lin_attn!B4*HS_Xray_Quantified_Scaled!$F$2 -> 0.41530913 | C4: =HS_Xray_Quantified_Lin_attn!C4*HS_Xray_Quantified_Scaled!$F$2 -> 0.41445028 | D4: =HS_Xray_Quantified_Lin_attn!D4*HS_Xray_Quantified_Scaled!$F$2 -> 0.41356574 | E4: =HS_Xray_Quantified_Lin_attn!E4*HS_Xray_Quantified_Scaled!$F$2 -> 0.41266011 | F4: =HS_Xray_Quantified_Lin_attn!F4*HS_Xray_Quantified_Scaled!$F$2 -> 0.41173864 | G4: =HS_Xray_Quantified_Lin_attn!G4*HS_Xray_Quantified_Scaled!$F$2 -> 0.41080679 | H4: =HS_Xray_Quantified_Lin_attn!H4*HS_Xray_Quantified_Scaled!$F$2 -> 0.40986958 | I4: =HS_Xray_Quantified_Lin_attn!I4*HS_Xray_Quantified_Scaled!$F$2 -> 0.40893176 | ... AHQ4: =HS_Xray_Quantified_Lin_attn!AHQ4*HS_Xray_Quantified_Scaled!$F$2 -> 0.0076219467
A5: 2.5 | B5: =HS_Xray_Quantified_Lin_attn!B5*HS_Xray_Quantified_Scaled!$F$2 -> 0.41928555 | C5: =HS_Xray_Quantified_Lin_attn!C5*HS_Xray_Quantified_Scaled!$F$2 -> 0.41857954 | D5: =HS_Xray_Quantified_Lin_attn!D5*HS_Xray_Quantified_Scaled!$F$2 -> 0.41786065 | E5: =HS_Xray_Quantified_Lin_attn!E5*HS_Xray_Quantified_Scaled!$F$2 -> 0.41713482 | F5: =HS_Xray_Quantified_Lin_attn!F5*HS_Xray_Quantified_Scaled!$F$2 -> 0.41640886 | G5: =HS_Xray_Quantified_Lin_attn!G5*HS_Xray_Quantified_Scaled!$F$2 -> 0.41569007 | H5: =HS_Xray_Quantified_Lin_attn!H5*HS_Xray_Quantified_Scaled!$F$2 -> 0.41498565 | I5: =HS_Xray_Quantified_Lin_attn!I5*HS_Xray_Quantified_Scaled!$F$2 -> 0.41430274 | ... AHQ5: =HS_Xray_Quantified_Lin_attn!AHQ5*HS_Xray_Quantified_Scaled!$F$2 -> 0.004871503
A6: 3.5 | B6: =HS_Xray_Quantified_Lin_attn!B6*HS_Xray_Quantified_Scaled!$F$2 -> 0.42174053 | C6: =HS_Xray_Quantified_Lin_attn!C6*HS_Xray_Quantified_Scaled!$F$2 -> 0.42112761 | D6: =HS_Xray_Quantified_Lin_attn!D6*HS_Xray_Quantified_Scaled!$F$2 -> 0.42050529 | E6: =HS_Xray_Quantified_Lin_attn!E6*HS_Xray_Quantified_Scaled!$F$2 -> 0.41987844 | F6: =HS_Xray_Quantified_Lin_attn!F6*HS_Xray_Quantified_Scaled!$F$2 -> 0.41925272 | G6: =HS_Xray_Quantified_Lin_attn!G6*HS_Xray_Quantified_Scaled!$F$2 -> 0.41863438 | H6: =HS_Xray_Quantified_Lin_attn!H6*HS_Xray_Quantified_Scaled!$F$2 -> 0.41802946 | I6: =HS_Xray_Quantified_Lin_attn!I6*HS_Xray_Quantified_Scaled!$F$2 -> 0.4174442 | ... AHQ6: =HS_Xray_Quantified_Lin_attn!AHQ6*HS_Xray_Quantified_Scaled!$F$2 -> 0.0014449372
A7: 5 | B7: =HS_Xray_Quantified_Lin_attn!B7*HS_Xray_Quantified_Scaled!$F$2 -> 0.4228741 | C7: =HS_Xray_Quantified_Lin_attn!C7*HS_Xray_Quantified_Scaled!$F$2 -> 0.42232314 | D7: =HS_Xray_Quantified_Lin_attn!D7*HS_Xray_Quantified_Scaled!$F$2 -> 0.42177222 | E7: =HS_Xray_Quantified_Lin_attn!E7*HS_Xray_Quantified_Scaled!$F$2 -> 0.42122826 | F7: =HS_Xray_Quantified_Lin_attn!F7*HS_Xray_Quantified_Scaled!$F$2 -> 0.42069826 | G7: =HS_Xray_Quantified_Lin_attn!G7*HS_Xray_Quantified_Scaled!$F$2 -> 0.42018888 | H7: =HS_Xray_Quantified_Lin_attn!H7*HS_Xray_Quantified_Scaled!$F$2 -> 0.41970585 | I7: =HS_Xray_Quantified_Lin_attn!I7*HS_Xray_Quantified_Scaled!$F$2 -> 0.41925417 | ... AHQ7: =HS_Xray_Quantified_Lin_attn!AHQ7*HS_Xray_Quantified_Scaled!$F$2 -> 0.0043777799
A8: 7.167 | B8: =HS_Xray_Quantified_Lin_attn!B8*HS_Xray_Quantified_Scaled!$F$2 -> 0.42467235 | C8: =HS_Xray_Quantified_Lin_attn!C8*HS_Xray_Quantified_Scaled!$F$2 -> 0.42411418 | D8: =HS_Xray_Quantified_Lin_attn!D8*HS_Xray_Quantified_Scaled!$F$2 -> 0.42354135 | E8: =HS_Xray_Quantified_Lin_attn!E8*HS_Xray_Quantified_Scaled!$F$2 -> 0.42296275 | F8: =HS_Xray_Quantified_Lin_attn!F8*HS_Xray_Quantified_Scaled!$F$2 -> 0.42238832 | G8: =HS_Xray_Quantified_Lin_attn!G8*HS_Xray_Quantified_Scaled!$F$2 -> 0.42182823 | H8: =HS_Xray_Quantified_Lin_attn!H8*HS_Xray_Quantified_Scaled!$F$2 -> 0.42129188 | I8: =HS_Xray_Quantified_Lin_attn!I8*HS_Xray_Quantified_Scaled!$F$2 -> 0.42078774 | ... AHQ8: =HS_Xray_Quantified_Lin_attn!AHQ8*HS_Xray_Quantified_Scaled!$F$2 -> 0.0055988203
A9: 8 | B9: =HS_Xray_Quantified_Lin_attn!B9*HS_Xray_Quantified_Scaled!$F$2 -> 0.42410604 | C9: =HS_Xray_Quantified_Lin_attn!C9*HS_Xray_Quantified_Scaled!$F$2 -> 0.42363978 | D9: =HS_Xray_Quantified_Lin_attn!D9*HS_Xray_Quantified_Scaled!$F$2 -> 0.42315924 | E9: =HS_Xray_Quantified_Lin_attn!E9*HS_Xray_Quantified_Scaled!$F$2 -> 0.42267048 | F9: =HS_Xray_Quantified_Lin_attn!F9*HS_Xray_Quantified_Scaled!$F$2 -> 0.42218053 | G9: =HS_Xray_Quantified_Lin_attn!G9*HS_Xray_Quantified_Scaled!$F$2 -> 0.42169705 | H9: =HS_Xray_Quantified_Lin_attn!H9*HS_Xray_Quantified_Scaled!$F$2 -> 0.42122729 | I9: =HS_Xray_Quantified_Lin_attn!I9*HS_Xray_Quantified_Scaled!$F$2 -> 0.42077816 | ... AHQ9: =HS_Xray_Quantified_Lin_attn!AHQ9*HS_Xray_Quantified_Scaled!$F$2 -> 0.0054243188
A10: 9 | B10: =HS_Xray_Quantified_Lin_attn!B10*HS_Xray_Quantified_Scaled!$F$2 -> 0.4243249 | C10: =HS_Xray_Quantified_Lin_attn!C10*HS_Xray_Quantified_Scaled!$F$2 -> 0.42383266 | D10: =HS_Xray_Quantified_Lin_attn!D10*HS_Xray_Quantified_Scaled!$F$2 -> 0.42334774 | E10: =HS_Xray_Quantified_Lin_attn!E10*HS_Xray_Quantified_Scaled!$F$2 -> 0.42287512 | F10: =HS_Xray_Quantified_Lin_attn!F10*HS_Xray_Quantified_Scaled!$F$2 -> 0.42242019 | G10: =HS_Xray_Quantified_Lin_attn!G10*HS_Xray_Quantified_Scaled!$F$2 -> 0.42198855 | H10: =HS_Xray_Quantified_Lin_attn!H10*HS_Xray_Quantified_Scaled!$F$2 -> 0.42158507 | I10: =HS_Xray_Quantified_Lin_attn!I10*HS_Xray_Quantified_Scaled!$F$2 -> 0.42121435 | ... AHQ10: =HS_Xray_Quantified_Lin_attn!AHQ10*HS_Xray_Quantified_Scaled!$F$2 -> 0.006103524
A11: 10 | B11: =HS_Xray_Quantified_Lin_attn!B11*HS_Xray_Quantified_Scaled!$F$2 -> 0.42459298 | C11: =HS_Xray_Quantified_Lin_attn!C11*HS_Xray_Quantified_Scaled!$F$2 -> 0.42408469 | D11: =HS_Xray_Quantified_Lin_attn!D11*HS_Xray_Quantified_Scaled!$F$2 -> 0.42356852 | E11: =HS_Xray_Quantified_Lin_attn!E11*HS_Xray_Quantified_Scaled!$F$2 -> 0.42305128 | F11: =HS_Xray_Quantified_Lin_attn!F11*HS_Xray_Quantified_Scaled!$F$2 -> 0.42254049 | G11: =HS_Xray_Quantified_Lin_attn!G11*HS_Xray_Quantified_Scaled!$F$2 -> 0.42204408 | H11: =HS_Xray_Quantified_Lin_attn!H11*HS_Xray_Quantified_Scaled!$F$2 -> 0.4215694 | I11: =HS_Xray_Quantified_Lin_attn!I11*HS_Xray_Quantified_Scaled!$F$2 -> 0.42112344 | ... AHQ11: =HS_Xray_Quantified_Lin_attn!AHQ11*HS_Xray_Quantified_Scaled!$F$2 -> 0.0062733515
A12: 11 | B12: =HS_Xray_Quantified_Lin_attn!B12*HS_Xray_Quantified_Scaled!$F$2 -> 0.42353594 | C12: =HS_Xray_Quantified_Lin_attn!C12*HS_Xray_Quantified_Scaled!$F$2 -> 0.42310722 | D12: =HS_Xray_Quantified_Lin_attn!D12*HS_Xray_Quantified_Scaled!$F$2 -> 0.42267744 | E12: =HS_Xray_Quantified_Lin_attn!E12*HS_Xray_Quantified_Scaled!$F$2 -> 0.42224963 | F12: =HS_Xray_Quantified_Lin_attn!F12*HS_Xray_Quantified_Scaled!$F$2 -> 0.42182745 | G12: =HS_Xray_Quantified_Lin_attn!G12*HS_Xray_Quantified_Scaled!$F$2 -> 0.4214152 | H12: =HS_Xray_Quantified_Lin_attn!H12*HS_Xray_Quantified_Scaled!$F$2 -> 0.42101689 | I12: =HS_Xray_Quantified_Lin_attn!I12*HS_Xray_Quantified_Scaled!$F$2 -> 0.42063675 | ... AHQ12: =HS_Xray_Quantified_Lin_attn!AHQ12*HS_Xray_Quantified_Scaled!$F$2 -> 0.0029539089
A13: 12 | B13: =HS_Xray_Quantified_Lin_attn!B13*HS_Xray_Quantified_Scaled!$F$2 -> 0.42415796 | C13: =HS_Xray_Quantified_Lin_attn!C13*HS_Xray_Quantified_Scaled!$F$2 -> 0.42359658 | D13: =HS_Xray_Quantified_Lin_attn!D13*HS_Xray_Quantified_Scaled!$F$2 -> 0.42302798 | E13: =HS_Xray_Quantified_Lin_attn!E13*HS_Xray_Quantified_Scaled!$F$2 -> 0.42246119 | F13: =HS_Xray_Quantified_Lin_attn!F13*HS_Xray_Quantified_Scaled!$F$2 -> 0.4219059 | G13: =HS_Xray_Quantified_Lin_attn!G13*HS_Xray_Quantified_Scaled!$F$2 -> 0.42137216 | H13: =HS_Xray_Quantified_Lin_attn!H13*HS_Xray_Quantified_Scaled!$F$2 -> 0.42086907 | I13: =HS_Xray_Quantified_Lin_attn!I13*HS_Xray_Quantified_Scaled!$F$2 -> 0.4204052 | ... AHQ13: =HS_Xray_Quantified_Lin_attn!AHQ13*HS_Xray_Quantified_Scaled!$F$2 -> 0.0042713764
A14: 13.5 | B14: =HS_Xray_Quantified_Lin_attn!B14*HS_Xray_Quantified_Scaled!$F$2 -> 0.42264086 | C14: =HS_Xray_Quantified_Lin_attn!C14*HS_Xray_Quantified_Scaled!$F$2 -> 0.42209929 | D14: =HS_Xray_Quantified_Lin_attn!D14*HS_Xray_Quantified_Scaled!$F$2 -> 0.42155579 | E14: =HS_Xray_Quantified_Lin_attn!E14*HS_Xray_Quantified_Scaled!$F$2 -> 0.42102051 | F14: =HS_Xray_Quantified_Lin_attn!F14*HS_Xray_Quantified_Scaled!$F$2 -> 0.42050419 | G14: =HS_Xray_Quantified_Lin_attn!G14*HS_Xray_Quantified_Scaled!$F$2 -> 0.42001744 | H14: =HS_Xray_Quantified_Lin_attn!H14*HS_Xray_Quantified_Scaled!$F$2 -> 0.41956976 | I14: =HS_Xray_Quantified_Lin_attn!I14*HS_Xray_Quantified_Scaled!$F$2 -> 0.41916938 | ... AHQ14: =HS_Xray_Quantified_Lin_attn!AHQ14*HS_Xray_Quantified_Scaled!$F$2 -> 0.0052765757
A15: 15 | B15: =HS_Xray_Quantified_Lin_attn!B15*HS_Xray_Quantified_Scaled!$F$2 -> 0.42303829 | C15: =HS_Xray_Quantified_Lin_attn!C15*HS_Xray_Quantified_Scaled!$F$2 -> 0.42265457 | D15: =HS_Xray_Quantified_Lin_attn!D15*HS_Xray_Quantified_Scaled!$F$2 -> 0.42227408 | E15: =HS_Xray_Quantified_Lin_attn!E15*HS_Xray_Quantified_Scaled!$F$2 -> 0.42190306 | F15: =HS_Xray_Quantified_Lin_attn!F15*HS_Xray_Quantified_Scaled!$F$2 -> 0.42154802 | G15: =HS_Xray_Quantified_Lin_attn!G15*HS_Xray_Quantified_Scaled!$F$2 -> 0.42121525 | H15: =HS_Xray_Quantified_Lin_attn!H15*HS_Xray_Quantified_Scaled!$F$2 -> 0.42091 | I15: =HS_Xray_Quantified_Lin_attn!I15*HS_Xray_Quantified_Scaled!$F$2 -> 0.42063662 | ... AHQ15: =HS_Xray_Quantified_Lin_attn!AHQ15*HS_Xray_Quantified_Scaled!$F$2 -> 0.0039042021
... A28: 60 | B28: =HS_Xray_Quantified_Lin_attn!B28*HS_Xray_Quantified_Scaled!$F$2 -> 0.42357409 | C28: =HS_Xray_Quantified_Lin_attn!C28*HS_Xray_Quantified_Scaled!$F$2 -> 0.42300268 | D28: =HS_Xray_Quantified_Lin_attn!D28*HS_Xray_Quantified_Scaled!$F$2 -> 0.42245432 | E28: =HS_Xray_Quantified_Lin_attn!E28*HS_Xray_Quantified_Scaled!$F$2 -> 0.42193981 | F28: =HS_Xray_Quantified_Lin_attn!F28*HS_Xray_Quantified_Scaled!$F$2 -> 0.42146991 | G28: =HS_Xray_Quantified_Lin_attn!G28*HS_Xray_Quantified_Scaled!$F$2 -> 0.42105439 | H28: =HS_Xray_Quantified_Lin_attn!H28*HS_Xray_Quantified_Scaled!$F$2 -> 0.42070126 | I28: =HS_Xray_Quantified_Lin_attn!I28*HS_Xray_Quantified_Scaled!$F$2 -> 0.42041636 | ... AHQ28: =HS_Xray_Quantified_Lin_attn!AHQ28*HS_Xray_Quantified_Scaled!$F$2 -> 0.23752344

Sheet HS_Xray_Quantified_Lin_attn
A1: Quantification by using the Equivalent Linear Attenuation Scaling Factor for water with 10mm thickness layer
A2: Total Attenuation Scaling Factor (10mm th): | F2: -5.44366
A3: Time(min) / Dist. From bottom ROI (cm) | B3: 0 | C3: 0.00316 | D3: 0.00633 | E3: 0.00949 | F3: 0.01265 | G3: 0.01582 | H3: 0.01898 | I3: 0.02214 | J3: 0.0253 | K3: 0.02847 | L3: 0.03163 | M3: 0.03479 | N3: 0.03796 | O3: 0.04112 | P3: 0.04428 | Q3: 0.04744 | R3: 0.05061 | S3: 0.05377 | T3: 0.05693 | U3: 0.0601 | V3: 0.06326 | W3: 0.06642 | X3: 0.06959 | Y3: 0.07275 | Z3: 0.07591 | AA3: 0.07908 | AB3: 0.08224 | AC3: 0.0854 | AD3: 0.08856 | AE3: 0.09173 | AF3: 0.09489 | AG3: 0.09805 | AH3: 0.10122 | AI3: 0.10438 | AJ3: 0.10754 | AK3: 0.1107 | AL3: 0.11387 | AM3: 0.11703 | AN3: 0.12019 | AO3: 0.12336 | AP3: 0.12652 | AQ3: 0.12968 | AR3: 0.13285 | AS3: 0.13601 | AT3: 0.13917 | AU3: 0.14233 | AV3: 0.1455 | AW3: 0.14866 | AX3: 0.15182 | AY3: 0.15499 | AZ3: 0.15815 | BA3: 0.16131 | BB3: 0.16448 | BC3: 0.16764 | BD3: 0.1708 | BE3: 0.17396 | BF3: 0.17713 | BG3: 0.18029 | BH3: 0.18345 | BI3: 0.18662 | BJ3: 0.18978 | BK3: 0.19294 | BL3: 0.19611 | BM3: 0.19927 | BN3: 0.20243 | BO3: 0.20559 | BP3: 0.20876 | BQ3: 0.21192 | BR3: 0.21508 | BS3: 0.21825 | BT3: 0.22141 | BU3: 0.22457 | BV3: 0.22774 | BW3: 0.2309 | BX3: 0.23406 | BY3: 0.23722 | BZ3: 0.24039 | CA3: 0.24355 | CB3: 0.24671 | CC3: 0.24988 | CD3: 0.25304 | CE3: 0.2562 | CF3: 0.25937 | CG3: 0.26253 | CH3: 0.26569 | CI3: 0.26885 | CJ3: 0.27202 | CK3: 0.27518 | CL3: 0.27834 | CM3: 0.28151 | CN3: 0.28467 | CO3: 0.28783 | CP3: 0.291 | CQ3: 0.29416 | CR3: 0.29732 | CS3: 0.30048 | CT3: 0.30365 | CU3: 0.30681 | CV3: 0.30997 | CW3: 0.31314 | CX3: 0.3163 | CY3: 0.31946 | CZ3: 0.32263 | DA3: 0.32579 | DB3: 0.32895 | DC3: 0.33212 | DD3: 0.33528 | DE3: 0.33844 | DF3: 0.3416 | DG3: 0.34477 | DH3: 0.34793 | DI3: 0.35109 | DJ3: 0.35426 | DK3: 0.35742 | DL3: 0.36058 | DM3: 0.36374 | DN3: 0.36691 | DO3: 0.37007 | DP3: 0.37323 | DQ3: 0.3764 | DR3: 0.37956 | DS3: 0.38272 | DT3: 0.38589 | DU3: 0.38905 | DV3: 0.39221 | DW3: 0.39538 | DX3: 0.39854 | DY3: 0.4017 | DZ3: 0.40486 | EA3: 0.40803 | EB3: 0.41119 | EC3: 0.41435 | ED3: 0.41752 | EE3: 0.42068 | EF3: 0.42384 | EG3: 0.427 | EH3: 0.43017 | EI3: 0.43333 | EJ3: 0.43649 | EK3: 0.43966 | EL3: 0.44282 | EM3: 0.44598 | EN3: 0.44915 | EO3: 0.45231 | EP3: 0.45547 | EQ3: 0.45863 | ER3: 0.4618 | ES3: 0.46496 | ET3: 0.46812 | EU3: 0.47129 | EV3: 0.47445 | EW3: 0.47761 | EX3: 0.48078 | EY3: 0.48394 | EZ3: 0.4871 | FA3: 0.49026 | FB3: 0.49343 | FC3: 0.49659 | FD3: 0.49975 | FE3: 0.50292 | FF3: 0.50608 | FG3: 0.50924 | FH3: 0.51241 | FI3: 0.51557 | FJ3: 0.51873 | FK3: 0.5219 | FL3: 0.52506 | FM3: 0.52822 | FN3: 0.53138 | FO3: 0.53455 | FP3: 0.53771 | FQ3: 0.54087 | FR3: 0.54404 | FS3: 0.5472 | FT3: 0.55036 | FU3: 0.55353 | FV3: 0.55669 | FW3: 0.55985 | FX3: 0.56301 | FY3: 0.56618 | FZ3: 0.56934 | GA3: 0.5725 | GB3: 0.57567 | GC3: 0.57883 | GD3: 0.58199 | GE3: 0.58516 | GF3: 0.58832 | GG3: 0.59148 | GH3: 0.59464 | GI3: 0.59781 | GJ3: 0.60097 | GK3: 0.60413 | GL3: 0.6073 | GM3: 0.61046 | GN3: 0.61362 | GO3: 0.61678 | GP3: 0.61995 | GQ3: 0.62311 | GR3: 0.62627 | GS3: 0.62944 | GT3: 0.6326 | GU3: 0.63576 | GV3: 0.63893 | GW3: 0.64209 | GX3: 0.64525 | GY3: 0.64842 | GZ3: 0.65158 | HA3: 0.65474 | HB3: 0.6579 | HC3: 0.66107 | HD3: 0.66423 | HE3: 0.66739 | HF3: 0.67056 | HG3: 0.67372 | HH3: 0.67688 | HI3: 0.68004 | HJ3: 0.68321 | HK3: 0.68637 | HL3: 0.68953 | HM3: 0.6927 | HN3: 0.69586 | HO3: 0.69902 | HP3: 0.70219 | HQ3: 0.70535 | HR3: 0.70851 | HS3: 0.71168 | HT3: 0.71484 | HU3: 0.718 | HV3: 0.72116 | HW3: 0.72433 | HX3: 0.72749 | HY3: 0.73065 | HZ3: 0.73382 | IA3: 0.73698 | IB3: 0.74014 | IC3: 0.7433 | ID3: 0.74647 | IE3: 0.74963 | IF3: 0.75279 | IG3: 0.75596 | IH3: 0.75912 | II3: 0.76228 | IJ3: 0.76545 | IK3: 0.76861 | IL3: 0.77177 | IM3: 0.77494 | IN3: 0.7781 | IO3: 0.78126 | IP3: 0.78442 | IQ3: 0.78759 | IR3: 0.79075 | IS3: 0.79391 | IT3: 0.79708 | IU3: 0.80024 | IV3: 0.8034 | IW3: 0.80656 | IX3: 0.80973 | IY3: 0.81289 | IZ3: 0.81605 | JA3: 0.81922 | JB3: 0.82238 | JC3: 0.82554 | JD3: 0.82871 | JE3: 0.83187 | JF3: 0.83503 | JG3: 0.83819 | JH3: 0.84136 | JI3: 0.84452 | JJ3: 0.84768 | JK3: 0.85085 | JL3: 0.85401 | JM3: 0.85717 | JN3: 0.86034 | JO3: 0.8635 | JP3: 0.86666 | JQ3: 0.86982 | JR3: 0.87299 | JS3: 0.87615 | JT3: 0.87931 | JU3: 0.88248 | JV3: 0.88564 | JW3: 0.8888 | JX3: 0.89197 | JY3: 0.89513 | JZ3: 0.89829 | KA3: 0.90145 | KB3: 0.90462 | KC3: 0.90778 | KD3: 0.91094 | KE3: 0.91411 | KF3: 0.91727 | KG3: 0.92043 | KH3: 0.9236 | KI3: 0.92676 | KJ3: 0.92992 | KK3: 0.93308 | KL3: 0.93625 | KM3: 0.93941 | KN3: 0.94257 | KO3: 0.94574 | KP3: 0.9489 | KQ3: 0.95206 | KR3: 0.95523 | KS3: 0.95839 | KT3: 0.96155 | KU3: 0.96472 | KV3: 0.96788 | KW3: 0.97104 | KX3: 0.9742 | KY3: 0.97737 | KZ3: 0.98053 | LA3: 0.98369 | LB3: 0.98686 | LC3: 0.99002 | LD3: 0.99318 | LE3: 0.99634 | LF3: 0.99951 | LG3: 1.00267 | LH3: 1.00583 | LI3: 1.009 | LJ3: 1.01216 | LK3: 1.01532 | LL3: 1.01849 | LM3: 1.02165 | LN3: 1.02481 | LO3: 1.02798 | LP3: 1.03114 | LQ3: 1.0343 | LR3: 1.03746 | LS3: 1.04063 | LT3: 1.04379 | LU3: 1.04695 | LV3: 1.05012 | LW3: 1.05328 | LX3: 1.05644 | LY3: 1.0596 | LZ3: 1.06277 | MA3: 1.06593 | MB3: 1.06909 | MC3: 1.07226 | MD3: 1.07542 | ME3: 1.07858 | MF3: 1.08175 | MG3: 1.08491 | MH3: 1.08807 | MI3: 1.09124 | MJ3: 1.0944 | MK3: 1.09756 | ML3: 1.10072 | MM3: 1.10389 | MN3: 1.10705 | MO3: 1.11021 | MP3: 1.11338 | MQ3: 1.11654 | MR3: 1.1197 | MS3: 1.12286 | MT3: 1.12603 | MU3: 1.12919 | MV3: 1.13235 | MW3: 1.13552 | MX3: 1.13868 | MY3: 1.14184 | MZ3: 1.14501 | NA3: 1.14817 | NB3: 1.15133 | NC3: 1.15449 | ND3: 1.15766 | NE3: 1.16082 | NF3: 1.16398 | NG3: 1.16715 | NH3: 1.17031 | NI3: 1.17347 | NJ3: 1.17664 | NK3: 1.1798 | NL3: 1.18296 | NM3: 1.18613 | NN3: 1.18929 | NO3: 1.19245 | NP3: 1.19561 | NQ3: 1.19878 | NR3: 1.20194 | NS3: 1.2051 | NT3: 1.20827 | NU3: 1.21143 | NV3: 1.21459 | NW3: 1.21775 | NX3: 1.22092 | NY3: 1.22408 | NZ3: 1.22724 | OA3: 1.23041 | OB3: 1.23357 | OC3: 1.23673 | OD3: 1.2399 | OE3: 1.24306 | OF3: 1.24622 | OG3: 1.24938 | OH3: 1.25255 | OI3: 1.25571 | OJ3: 1.25887 | OK3: 1.26204 | OL3: 1.2652 | OM3: 1.26836 | ON3: 1.27153 | OO3: 1.27469 | OP3: 1.27785 | OQ3: 1.28102 | OR3: 1.28418 | OS3: 1.28734 | OT3: 1.2905 | OU3: 1.29367 | OV3: 1.29683 | OW3: 1.29999 | OX3: 1.30316 | OY3: 1.30632 | OZ3: 1.30948 | PA3: 1.31264 | PB3: 1.31581 | PC3: 1.31897 | PD3: 1.32213 | PE3: 1.3253 | PF3: 1.32846 | PG3: 1.33162 | PH3: 1.33479 | PI3: 1.33795 | PJ3: 1.34111 | PK3: 1.34428 | PL3: 1.34744 | PM3: 1.3506 | PN3: 1.35376 | PO3: 1.35693 | PP3: 1.36009 | PQ3: 1.36325 | PR3: 1.36642 | PS3: 1.36958 | PT3: 1.37274 | PU3: 1.3759 | PV3: 1.37907 | PW3: 1.38223 | PX3: 1.38539 | PY3: 1.38856 | PZ3: 1.39172 | QA3: 1.39488 | QB3: 1.39805 | QC3: 1.40121 | QD3: 1.40437 | QE3: 1.40754 | QF3: 1.4107 | QG3: 1.41386 | QH3: 1.41702 | QI3: 1.42019 | QJ3: 1.42335 | QK3: 1.42651 | QL3: 1.42968 | QM3: 1.43284 | QN3: 1.436 | QO3: 1.43916 | QP3: 1.44233 | QQ3: 1.44549 | QR3: 1.44865 | QS3: 1.45182 | QT3: 1.45498 | QU3: 1.45814 | QV3: 1.46131 | QW3: 1.46447 | QX3: 1.46763 | QY3: 1.47079 | QZ3: 1.47396 | RA3: 1.47712 | RB3: 1.48028 | RC3: 1.48345 | RD3: 1.48661 | RE3: 1.48977 | RF3: 1.49294 | RG3: 1.4961 | RH3: 1.49926 | RI3: 1.50242 | RJ3: 1.50559 | RK3: 1.50875 | RL3: 1.51191 | RM3: 1.51508 | RN3: 1.51824 | RO3: 1.5214 | RP3: 1.52457 | RQ3: 1.52773 | RR3: 1.53089 | RS3: 1.53406 | RT3: 1.53722 | RU3: 1.54038 | RV3: 1.54354 | RW3: 1.54671 | RX3: 1.54987 | RY3: 1.55303 | RZ3: 1.5562 | SA3: 1.55936 | SB3: 1.56252 | SC3: 1.56568 | SD3: 1.56885 | SE3: 1.57201 | SF3: 1.57517 | SG3: 1.57834 | SH3: 1.5815 | SI3: 1.58466 | SJ3: 1.58783 | SK3: 1.59099 | SL3: 1.59415 | SM3: 1.59732 | SN3: 1.60048 | SO3: 1.60364 | SP3: 1.6068 | SQ3: 1.60997 | SR3: 1.61313 | SS3: 1.61629 | ST3: 1.61946 | SU3: 1.62262 | SV3: 1.62578 | SW3: 1.62894 | SX3: 1.63211 | SY3: 1.63527 | SZ3: 1.63843 | TA3: 1.6416 | TB3: 1.64476 | TC3: 1.64792 | TD3: 1.65109 | TE3: 1.65425 | TF3: 1.65741 | TG3: 1.66058 | TH3: 1.66374 | TI3: 1.6669 | TJ3: 1.67006 | TK3: 1.67323 | TL3: 1.67639 | TM3: 1.67955 | TN3: 1.68272 | TO3: 1.68588 | TP3: 1.68904 | TQ3: 1.6922 | TR3: 1.69537 | TS3: 1.69853 | TT3: 1.70169 | TU3: 1.70486 | TV3: 1.70802 | TW3: 1.71118 | TX3: 1.71435 | TY3: 1.71751 | TZ3: 1.72067 | UA3: 1.72383 | UB3: 1.727 | UC3: 1.73016 | UD3: 1.73332 | UE3: 1.73649 | UF3: 1.73965 | UG3: 1.74281 | UH3: 1.74598 | UI3: 1.74914 | UJ3: 1.7523 | UK3: 1.75546 | UL3: 1.75863 | UM3: 1.76179 | UN3: 1.76495 | UO3: 1.76812 | UP3: 1.77128 | UQ3: 1.77444 | UR3: 1.77761 | US3: 1.78077 | UT3: 1.78393 | UU3: 1.7871 | UV3: 1.79026 | UW3: 1.79342 | UX3: 1.79658 | UY3: 1.79975 | UZ3: 1.80291 | VA3: 1.80607 | VB3: 1.80924 | VC3: 1.8124 | VD3: 1.81556 | VE3: 1.81872 | VF3: 1.82189 | VG3: 1.82505 | VH3: 1.82821 | VI3: 1.83138 | VJ3: 1.83454 | VK3: 1.8377 | VL3: 1.84087 | VM3: 1.84403 | VN3: 1.84719 | VO3: 1.85036 | VP3: 1.85352 | VQ3: 1.85668 | VR3: 1.85984 | VS3: 1.86301 | VT3: 1.86617 | VU3: 1.86933 | VV3: 1.8725 | VW3: 1.87566 | VX3: 1.87882 | VY3: 1.88198 | VZ3: 1.88515 | WA3: 1.88831 | WB3: 1.89147 | WC3: 1.89464 | WD3: 1.8978 | WE3: 1.90096 | WF3: 1.90413 | WG3: 1.90729 | WH3: 1.91045 | WI3: 1.91361 | WJ3: 1.91678 | WK3: 1.91994 | WL3: 1.9231 | WM3: 1.92627 | WN3: 1.92943 | WO3: 1.93259 | WP3: 1.93576 | WQ3: 1.93892 | WR3: 1.94208 | WS3: 1.94524 | WT3: 1.94841 | WU3: 1.95157 | WV3: 1.95473 | WW3: 1.9579 | WX3: 1.96106 | WY3: 1.96422 | WZ3: 1.96739 | XA3: 1.97055 | XB3: 1.97371 | XC3: 1.97688 | XD3: 1.98004 | XE3: 1.9832 | XF3: 1.98636 | XG3: 1.98953 | XH3: 1.99269 | XI3: 1.99585 | XJ3: 1.99902 | XK3: 2.00218 | XL3: 2.00534 | XM3: 2.0085 | XN3: 2.01167 | XO3: 2.01483 | XP3: 2.01799 | XQ3: 2.02116 | XR3: 2.02432 | XS3: 2.02748 | XT3: 2.03065 | XU3: 2.03381 | XV3: 2.03697 | XW3: 2.04013 | XX3: 2.0433 | XY3: 2.04646 | XZ3: 2.04962 | YA3: 2.05279 | YB3: 2.05595 | YC3: 2.05911 | YD3: 2.06228 | YE3: 2.06544 | YF3: 2.0686 | YG3: 2.07176 | YH3: 2.07493 | YI3: 2.07809 | YJ3: 2.08125 | YK3: 2.08442 | YL3: 2.08758 | YM3: 2.09074 | YN3: 2.09391 | YO3: 2.09707 | YP3: 2.10023 | YQ3: 2.1034 | YR3: 2.10656 | YS3: 2.10972 | YT3: 2.11288 | YU3: 2.11605 | YV3: 2.11921 | YW3: 2.12237 | YX3: 2.12554 | YY3: 2.1287 | YZ3: 2.13186 | ZA3: 2.13503 | ZB3: 2.13819 | ZC3: 2.14135 | ZD3: 2.14451 | ZE3: 2.14768 | ZF3: 2.15084 | ZG3: 2.154 | ZH3: 2.15717 | ZI3: 2.16033 | ZJ3: 2.16349 | ZK3: 2.16666 | ZL3: 2.16982 | ZM3: 2.17298 | ZN3: 2.17614 | ZO3: 2.17931 | ZP3: 2.18247 | ZQ3: 2.18563 | ZR3: 2.1888 | ZS3: 2.19196 | ZT3: 2.19512 | ZU3: 2.19828 | ZV3: 2.20145 | ZW3: 2.20461 | ZX3: 2.20777 | ZY3: 2.21094 | ZZ3: 2.2141 | AAA3: 2.21726 | AAB3: 2.22043 | AAC3: 2.22359 | AAD3: 2.22675 | AAE3: 2.22991 | AAF3: 2.23308 | AAG3: 2.23624 | AAH3: 2.2394 | AAI3: 2.24257 | AAJ3: 2.24573 | AAK3: 2.24889 | AAL3: 2.25206 | AAM3: 2.25522 | AAN3: 2.25838 | AAO3: 2.26154 | AAP3: 2.26471 | AAQ3: 2.26787 | AAR3: 2.27103 | AAS3: 2.2742 | AAT3: 2.27736 | AAU3: 2.28052 | AAV3: 2.28369 | AAW3: 2.28685 | AAX3: 2.29001 | AAY3: 2.29318 | AAZ3: 2.29634 | ABA3: 2.2995 | ABB3: 2.30266 | ABC3: 2.30583 | ABD3: 2.30899 | ABE3: 2.31215 | ABF3: 2.31532 | ABG3: 2.31848 | ABH3: 2.32164 | ABI3: 2.3248 | ABJ3: 2.32797 | ABK3: 2.33113 | ABL3: 2.33429 | ABM3: 2.33746 | ABN3: 2.34062 | ABO3: 2.34378 | ABP3: 2.34695 | ABQ3: 2.35011 | ABR3: 2.35327 | ABS3: 2.35643 | ABT3: 2.3596 | ABU3: 2.36276 | ABV3: 2.36592 | ABW3: 2.36909 | ABX3: 2.37225 | ABY3: 2.37541 | ABZ3: 2.37858 | ACA3: 2.38174 | ACB3: 2.3849 | ACC3: 2.38806 | ACD3: 2.39123 | ACE3: 2.39439 | ACF3: 2.39755 | ACG3: 2.40072 | ACH3: 2.40388 | ACI3: 2.40704 | ACJ3: 2.41021 | ACK3: 2.41337 | ACL3: 2.41653 | ACM3: 2.4197 | ACN3: 2.42286 | ACO3: 2.42602 | ACP3: 2.42918 | ACQ3: 2.43235 | ACR3: 2.43551 | ACS3: 2.43867 | ACT3: 2.44184 | ACU3: 2.445 | ACV3: 2.44816 | ACW3: 2.45133 | ACX3: 2.45449 | ACY3: 2.45765 | ACZ3: 2.46081 | ADA3: 2.46398 | ADB3: 2.46714 | ADC3: 2.4703 | ADD3: 2.47347 | ADE3: 2.47663 | ADF3: 2.47979 | ADG3: 2.48296 | ADH3: 2.48612 | ADI3: 2.48928 | ADJ3: 2.49244 | ADK3: 2.49561 | ADL3: 2.49877 | ADM3: 2.50193 | ADN3: 2.5051 | ADO3: 2.50826 | ADP3: 2.51142 | ADQ3: 2.51458 | ADR3: 2.51775 | ADS3: 2.52091 | ADT3: 2.52407 | ADU3: 2.52724 | ADV3: 2.5304 | ADW3: 2.53356 | ADX3: 2.53673 | ADY3: 2.53989 | ADZ3: 2.54305 | AEA3: 2.54621 | AEB3: 2.54938 | AEC3: 2.55254 | AED3: 2.5557 | AEE3: 2.55887 | AEF3: 2.56203 | AEG3: 2.56519 | AEH3: 2.56836 | AEI3: 2.57152 | AEJ3: 2.57468 | AEK3: 2.57784 | AEL3: 2.58101 | AEM3: 2.58417 | AEN3: 2.58733 | AEO3: 2.5905 | AEP3: 2.59366 | AEQ3: 2.59682 | AER3: 2.59999 | AES3: 2.60315 | AET3: 2.60631 | AEU3: 2.60948 | AEV3: 2.61264 | AEW3: 2.6158 | AEX3: 2.61896 | AEY3: 2.62213 | AEZ3: 2.62529 | AFA3: 2.62845 | AFB3: 2.63162 | AFC3: 2.63478 | AFD3: 2.63794 | AFE3: 2.6411 | AFF3: 2.64427 | AFG3: 2.64743 | AFH3: 2.65059 | AFI3: 2.65376 | AFJ3: 2.65692 | AFK3: 2.66008 | AFL3: 2.66325 | AFM3: 2.66641 | AFN3: 2.66957 | AFO3: 2.67274 | AFP3: 2.6759 | AFQ3: 2.67906 | AFR3: 2.68222 | AFS3: 2.68539 | AFT3: 2.68855 | AFU3: 2.69171 | AFV3: 2.69488 | AFW3: 2.69804 | AFX3: 2.7012 | AFY3: 2.70436 | AFZ3: 2.70753 | AGA3: 2.71069 | AGB3: 2.71385 | AGC3: 2.71702 | AGD3: 2.72018 | AGE3: 2.72334 | AGF3: 2.72651 | AGG3: 2.72967 | AGH3: 2.73283 | AGI3: 2.736 | AGJ3: 2.73916 | AGK3: 2.74232 | AGL3: 2.74548 | AGM3: 2.74865 | AGN3: 2.75181 | AGO3: 2.75497 | AGP3: 2.75814 | AGQ3: 2.7613 | AGR3: 2.76446 | AGS3: 2.76762 | AGT3: 2.77079 | AGU3: 2.77395 | AGV3: 2.77711 | AGW3: 2.78028 | AGX3: 2.78344 | AGY3: 2.7866 | AGZ3: 2.78977 | AHA3: 2.79293 | AHB3: 2.79609 | AHC3: 2.79926 | AHD3: 2.80242 | AHE3: 2.80558 | AHF3: 2.80874 | AHG3: 2.81191 | AHH3: 2.81507 | AHI3: 2.81823 | AHJ3: 2.8214 | AHK3: 2.82456 | AHL3: 2.82772 | AHM3: 2.83088 | AHN3: 2.83405 | AHO3: 2.83721 | AHP3: 2.84037 | AHQ3: 2.84354
A4: 1.5 | B4: =$F$2*HS_Xray_Raw_data!B3 -> 0.51591197 | C4: =$F$2*HS_Xray_Raw_data!C3 -> 0.51484507 | D4: =$F$2*HS_Xray_Raw_data!D3 -> 0.51374626 | E4: =$F$2*HS_Xray_Raw_data!E3 -> 0.51262126 | F4: =$F$2*HS_Xray_Raw_data!F3 -> 0.51147657 | G4: =$F$2*HS_Xray_Raw_data!G3 -> 0.51031899 | H4: =$F$2*HS_Xray_Raw_data!H3 -> 0.50915476 | I4: =$F$2*HS_Xray_Raw_data!I3 -> 0.50798976 | ... AHQ4: =$F$2*HS_Xray_Raw_data!AHQ3 -> 0.0094682568
A5: 2.5 | B5: =$F$2*HS_Xray_Raw_data!B4 -> 0.52085161 | C5: =$F$2*HS_Xray_Raw_data!C4 -> 0.51997458 | D5: =$F$2*HS_Xray_Raw_data!D4 -> 0.51908155 | E5: =$F$2*HS_Xray_Raw_data!E4 -> 0.5181799 | F5: =$F$2*HS_Xray_Raw_data!F4 -> 0.51727809 | G5: =$F$2*HS_Xray_Raw_data!G4 -> 0.51638519 | H5: =$F$2*HS_Xray_Raw_data!H4 -> 0.51551013 | I5: =$F$2*HS_Xray_Raw_data!I4 -> 0.51466179 | ... AHQ5: =$F$2*HS_Xray_Raw_data!AHQ4 -> 0.0060515565
A6: 3.5 | B6: =$F$2*HS_Xray_Raw_data!B5 -> 0.52390129 | C6: =$F$2*HS_Xray_Raw_data!C5 -> 0.52313989 | D6: =$F$2*HS_Xray_Raw_data!D5 -> 0.52236683 | E6: =$F$2*HS_Xray_Raw_data!E5 -> 0.52158812 | F6: =$F$2*HS_Xray_Raw_data!F5 -> 0.52081084 | G6: =$F$2*HS_Xray_Raw_data!G5 -> 0.52004271 | H6: =$F$2*HS_Xray_Raw_data!H5 -> 0.51929125 | I6: =$F$2*HS_Xray_Raw_data!I5 -> 0.51856422 | ... AHQ6: =$F$2*HS_Xray_Raw_data!AHQ5 -> 0.001794953
A7: 5 | B7: =$F$2*HS_Xray_Raw_data!B6 -> 0.52530944 | C7: =$F$2*HS_Xray_Raw_data!C6 -> 0.52462502 | D7: =$F$2*HS_Xray_Raw_data!D6 -> 0.52394064 | E7: =$F$2*HS_Xray_Raw_data!E6 -> 0.52326492 | F7: =$F$2*HS_Xray_Raw_data!F6 -> 0.52260653 | G7: =$F$2*HS_Xray_Raw_data!G6 -> 0.52197376 | H7: =$F$2*HS_Xray_Raw_data!H6 -> 0.52137373 | I7: =$F$2*HS_Xray_Raw_data!I6 -> 0.52081263 | ... AHQ7: =$F$2*HS_Xray_Raw_data!AHQ6 -> 0.0054382359
A8: 7.167 | B8: =$F$2*HS_Xray_Raw_data!B7 -> 0.52754329 | C8: =$F$2*HS_Xray_Raw_data!C7 -> 0.52684991 | D8: =$F$2*HS_Xray_Raw_data!D7 -> 0.52613832 | E8: =$F$2*HS_Xray_Raw_data!E7 -> 0.52541956 | F8: =$F$2*HS_Xray_Raw_data!F7 -> 0.52470599 | G8: =$F$2*HS_Xray_Raw_data!G7 -> 0.52401022 | H8: =$F$2*HS_Xray_Raw_data!H7 -> 0.52334395 | I8: =$F$2*HS_Xray_Raw_data!I7 -> 0.52271769 | ... AHQ8: =$F$2*HS_Xray_Raw_data!AHQ7 -> 0.0069550563
A9: 8 | B9: =$F$2*HS_Xray_Raw_data!B8 -> 0.52683981 | C9: =$F$2*HS_Xray_Raw_data!C8 -> 0.52626059 | D9: =$F$2*HS_Xray_Raw_data!D8 -> 0.52566366 | E9: =$F$2*HS_Xray_Raw_data!E8 -> 0.52505649 | F9: =$F$2*HS_Xray_Raw_data!F8 -> 0.52444786 | G9: =$F$2*HS_Xray_Raw_data!G8 -> 0.52384727 | H9: =$F$2*HS_Xray_Raw_data!H8 -> 0.52326371 | I9: =$F$2*HS_Xray_Raw_data!I8 -> 0.52270579 | ... AHQ9: =$F$2*HS_Xray_Raw_data!AHQ8 -> 0.0067382842
A10: 9 | B10: =$F$2*HS_Xray_Raw_data!B9 -> 0.52711168 | C10: =$F$2*HS_Xray_Raw_data!C9 -> 0.5265002 | D10: =$F$2*HS_Xray_Raw_data!D9 -> 0.52589781 | E10: =$F$2*HS_Xray_Raw_data!E9 -> 0.5253107 | F10: =$F$2*HS_Xray_Raw_data!F9 -> 0.52474557 | G10: =$F$2*HS_Xray_Raw_data!G9 -> 0.52420938 | H10: =$F$2*HS_Xray_Raw_data!H9 -> 0.52370816 | I10: =$F$2*HS_Xray_Raw_data!I9 -> 0.52324764 | ... AHQ10: =$F$2*HS_Xray_Raw_data!AHQ9 -> 0.0075820174
A11: 10 | B11: =$F$2*HS_Xray_Raw_data!B10 -> 0.5274447 | C11: =$F$2*HS_Xray_Raw_data!C10 -> 0.52681328 | D11: =$F$2*HS_Xray_Raw_data!D10 -> 0.52617208 | E11: =$F$2*HS_Xray_Raw_data!E10 -> 0.52552954 | F11: =$F$2*HS_Xray_Raw_data!F10 -> 0.52489501 | G11: =$F$2*HS_Xray_Raw_data!G10 -> 0.52427836 | H11: =$F$2*HS_Xray_Raw_data!H10 -> 0.52368869 | I11: =$F$2*HS_Xray_Raw_data!I10 -> 0.52313471 | ... AHQ11: =$F$2*HS_Xray_Raw_data!AHQ10 -> 0.0077929832
A12: 11 | B12: =$F$2*HS_Xray_Raw_data!B11 -> 0.5261316 | C12: =$F$2*HS_Xray_Raw_data!C11 -> 0.52559903 | D12: =$F$2*HS_Xray_Raw_data!D11 -> 0.52506515 | E12: =$F$2*HS_Xray_Raw_data!E11 -> 0.52453371 | F12: =$F$2*HS_Xray_Raw_data!F11 -> 0.52400926 | G12: =$F$2*HS_Xray_Raw_data!G11 -> 0.52349715 | H12: =$F$2*HS_Xray_Raw_data!H11 -> 0.52300235 | I12: =$F$2*HS_Xray_Raw_data!I11 -> 0.52253013 | ... AHQ12: =$F$2*HS_Xray_Raw_data!AHQ11 -> 0.0036694521
A13: 12 | B13: =$F$2*HS_Xray_Raw_data!B12 -> 0.52690429 | C13: =$F$2*HS_Xray_Raw_data!C12 -> 0.52620694 | D13: =$F$2*HS_Xray_Raw_data!D12 -> 0.52550059 | E13: =$F$2*HS_Xray_Raw_data!E12 -> 0.52479651 | F13: =$F$2*HS_Xray_Raw_data!F12 -> 0.52410671 | G13: =$F$2*HS_Xray_Raw_data!G12 -> 0.52344367 | H13: =$F$2*HS_Xray_Raw_data!H12 -> 0.52281872 | I13: =$F$2*HS_Xray_Raw_data!I12 -> 0.52224248 | ... AHQ13: =$F$2*HS_Xray_Raw_data!AHQ12 -> 0.0053060576
A14: 13.5 | B14: =$F$2*HS_Xray_Raw_data!B13 -> 0.5250197 | C14: =$F$2*HS_Xray_Raw_data!C13 -> 0.52434695 | D14: =$F$2*HS_Xray_Raw_data!D13 -> 0.52367179 | E14: =$F$2*HS_Xray_Raw_data!E13 -> 0.52300685 | F14: =$F$2*HS_Xray_Raw_data!F13 -> 0.52236546 | G14: =$F$2*HS_Xray_Raw_data!G13 -> 0.5217608 | H14: =$F$2*HS_Xray_Raw_data!H13 -> 0.52120467 | I14: =$F$2*HS_Xray_Raw_data!I13 -> 0.5207073 | ... AHQ14: =$F$2*HS_Xray_Raw_data!AHQ13 -> 0.0065547525
A15: 15 | B15: =$F$2*HS_Xray_Raw_data!B14 -> 0.5255134 | C15: =$F$2*HS_Xray_Raw_data!C14 -> 0.52503673 | D15: =$F$2*HS_Xray_Raw_data!D14 -> 0.52456408 | E15: =$F$2*HS_Xray_Raw_data!E14 -> 0.52410318 | F15: =$F$2*HS_Xray_Raw_data!F14 -> 0.52366214 | G15: =$F$2*HS_Xray_Raw_data!G14 -> 0.52324876 | H15: =$F$2*HS_Xray_Raw_data!H14 -> 0.52286956 | I15: =$F$2*HS_Xray_Raw_data!I14 -> 0.52252996 | ... AHQ15: =$F$2*HS_Xray_Raw_data!AHQ14 -> 0.0048499405
... A28: 60 | B28: =$F$2*HS_Xray_Raw_data!B27 -> 0.526179 | C28: =$F$2*HS_Xray_Raw_data!C27 -> 0.52546917 | D28: =$F$2*HS_Xray_Raw_data!D27 -> 0.52478798 | E28: =$F$2*HS_Xray_Raw_data!E27 -> 0.52414884 | F28: =$F$2*HS_Xray_Raw_data!F27 -> 0.52356511 | G28: =$F$2*HS_Xray_Raw_data!G27 -> 0.52304894 | H28: =$F$2*HS_Xray_Raw_data!H27 -> 0.52261026 | I28: =$F$2*HS_Xray_Raw_data!I27 -> 0.52225635 | ... AHQ28: =$F$2*HS_Xray_Raw_data!AHQ27 -> 0.29506018
A30: Avg (5min and beyond) | B30: =AVERAGE(B7:B28) -> 0.52596153

Sheet HS_Xray_Raw_data
A1: Smoothed Average Attenuation Profiles from X-ray radiographs
A2: Time(min) / Dist. From bottom ROI (cm) | B2: 0 | C2: 0.00316 | D2: 0.00633 | E2: 0.00949 | F2: 0.01265 | G2: 0.01582 | H2: 0.01898 | I2: 0.02214 | J2: 0.0253 | K2: 0.02847 | L2: 0.03163 | M2: 0.03479 | N2: 0.03796 | O2: 0.04112 | P2: 0.04428 | Q2: 0.04744 | R2: 0.05061 | S2: 0.05377 | T2: 0.05693 | U2: 0.0601 | V2: 0.06326 | W2: 0.06642 | X2: 0.06959 | Y2: 0.07275 | Z2: 0.07591 | AA2: 0.07908 | AB2: 0.08224 | AC2: 0.0854 | AD2: 0.08856 | AE2: 0.09173 | AF2: 0.09489 | AG2: 0.09805 | AH2: 0.10122 | AI2: 0.10438 | AJ2: 0.10754 | AK2: 0.1107 | AL2: 0.11387 | AM2: 0.11703 | AN2: 0.12019 | AO2: 0.12336 | AP2: 0.12652 | AQ2: 0.12968 | AR2: 0.13285 | AS2: 0.13601 | AT2: 0.13917 | AU2: 0.14233 | AV2: 0.1455 | AW2: 0.14866 | AX2: 0.15182 | AY2: 0.15499 | AZ2: 0.15815 | BA2: 0.16131 | BB2: 0.16448 | BC2: 0.16764 | BD2: 0.1708 | BE2: 0.17396 | BF2: 0.17713 | BG2: 0.18029 | BH2: 0.18345 | BI2: 0.18662 | BJ2: 0.18978 | BK2: 0.19294 | BL2: 0.19611 | BM2: 0.19927 | BN2: 0.20243 | BO2: 0.20559 | BP2: 0.20876 | BQ2: 0.21192 | BR2: 0.21508 | BS2: 0.21825 | BT2: 0.22141 | BU2: 0.22457 | BV2: 0.22774 | BW2: 0.2309 | BX2: 0.23406 | BY2: 0.23722 | BZ2: 0.24039 | CA2: 0.24355 | CB2: 0.24671 | CC2: 0.24988 | CD2: 0.25304 | CE2: 0.2562 | CF2: 0.25937 | CG2: 0.26253 | CH2: 0.26569 | CI2: 0.26885 | CJ2: 0.27202 | CK2: 0.27518 | CL2: 0.27834 | CM2: 0.28151 | CN2: 0.28467 | CO2: 0.28783 | CP2: 0.291 | CQ2: 0.29416 | CR2: 0.29732 | CS2: 0.30048 | CT2: 0.30365 | CU2: 0.30681 | CV2: 0.30997 | CW2: 0.31314 | CX2: 0.3163 | CY2: 0.31946 | CZ2: 0.32263 | DA2: 0.32579 | DB2: 0.32895 | DC2: 0.33212 | DD2: 0.33528 | DE2: 0.33844 | DF2: 0.3416 | DG2: 0.34477 | DH2: 0.34793 | DI2: 0.35109 | DJ2: 0.35426 | DK2: 0.35742 | DL2: 0.36058 | DM2: 0.36374 | DN2: 0.36691 | DO2: 0.37007 | DP2: 0.37323 | DQ2: 0.3764 | DR2: 0.37956 | DS2: 0.38272 | DT2: 0.38589 | DU2: 0.38905 | DV2: 0.39221 | DW2: 0.39538 | DX2: 0.39854 | DY2: 0.4017 | DZ2: 0.40486 | EA2: 0.40803 | EB2: 0.41119 | EC2: 0.41435 | ED2: 0.41752 | EE2: 0.42068 | EF2: 0.42384 | EG2: 0.427 | EH2: 0.43017 | EI2: 0.43333 | EJ2: 0.43649 | EK2: 0.43966 | EL2: 0.44282 | EM2: 0.44598 | EN2: 0.44915 | EO2: 0.45231 | EP2: 0.45547 | EQ2: 0.45863 | ER2: 0.4618 | ES2: 0.46496 | ET2: 0.46812 | EU2: 0.47129 | EV2: 0.47445 | EW2: 0.47761 | EX2: 0.48078 | EY2: 0.48394 | EZ2: 0.4871 | FA2: 0.49026 | FB2: 0.49343 | FC2: 0.49659 | FD2: 0.49975 | FE2: 0.50292 | FF2: 0.50608 | FG2: 0.50924 | FH2: 0.51241 | FI2: 0.51557 | FJ2: 0.51873 | FK2: 0.5219 | FL2: 0.52506 | FM2: 0.52822 | FN2: 0.53138 | FO2: 0.53455 | FP2: 0.53771 | FQ2: 0.54087 | FR2: 0.54404 | FS2: 0.5472 | FT2: 0.55036 | FU2: 0.55353 | FV2: 0.55669 | FW2: 0.55985 | FX2: 0.56301 | FY2: 0.56618 | FZ2: 0.56934 | GA2: 0.5725 | GB2: 0.57567 | GC2: 0.57883 | GD2: 0.58199 | GE2: 0.58516 | GF2: 0.58832 | GG2: 0.59148 | GH2: 0.59464 | GI2: 0.59781 | GJ2: 0.60097 | GK2: 0.60413 | GL2: 0.6073 | GM2: 0.61046 | GN2: 0.61362 | GO2: 0.61678 | GP2: 0.61995 | GQ2: 0.62311 | GR2: 0.62627 | GS2: 0.62944 | GT2: 0.6326 | GU2: 0.63576 | GV2: 0.63893 | GW2: 0.64209 | GX2: 0.64525 | GY2: 0.64842 | GZ2: 0.65158 | HA2: 0.65474 | HB2: 0.6579 | HC2: 0.66107 | HD2: 0.66423 | HE2: 0.66739 | HF2: 0.67056 | HG2: 0.67372 | HH2: 0.67688 | HI2: 0.68004 | HJ2: 0.68321 | HK2: 0.68637 | HL2: 0.68953 | HM2: 0.6927 | HN2: 0.69586 | HO2: 0.69902 | HP2: 0.70219 | HQ2: 0.70535 | HR2: 0.70851 | HS2: 0.71168 | HT2: 0.71484 | HU2: 0.718 | HV2: 0.72116 | HW2: 0.72433 | HX2: 0.72749 | HY2: 0.73065 | HZ2: 0.73382 | IA2: 0.73698 | IB2: 0.74014 | IC2: 0.7433 | ID2: 0.74647 | IE2: 0.74963 | IF2: 0.75279 | IG2: 0.75596 | IH2: 0.75912 | II2: 0.76228 | IJ2: 0.76545 | IK2: 0.76861 | IL2: 0.77177 | IM2: 0.77494 | IN2: 0.7781 | IO2: 0.78126 | IP2: 0.78442 | IQ2: 0.78759 | IR2: 0.79075 | IS2: 0.79391 | IT2: 0.79708 | IU2: 0.80024 | IV2: 0.8034 | IW2: 0.80656 | IX2: 0.80973 | IY2: 0.81289 | IZ2: 0.81605 | JA2: 0.81922 | JB2: 0.82238 | JC2: 0.82554 | JD2: 0.82871 | JE2: 0.83187 | JF2: 0.83503 | JG2: 0.83819 | JH2: 0.84136 | JI2: 0.84452 | JJ2: 0.84768 | JK2: 0.85085 | JL2: 0.85401 | JM2: 0.85717 | JN2: 0.86034 | JO2: 0.8635 | JP2: 0.86666 | JQ2: 0.86982 | JR2: 0.87299 | JS2: 0.87615 | JT2: 0.87931 | JU2: 0.88248 | JV2: 0.88564 | JW2: 0.8888 | JX2: 0.89197 | JY2: 0.89513 | JZ2: 0.89829 | KA2: 0.90145 | KB2: 0.90462 | KC2: 0.90778 | KD2: 0.91094 | KE2: 0.91411 | KF2: 0.91727 | KG2: 0.92043 | KH2: 0.9236 | KI2: 0.92676 | KJ2: 0.92992 | KK2: 0.93308 | KL2: 0.93625 | KM2: 0.93941 | KN2: 0.94257 | KO2: 0.94574 | KP2: 0.9489 | KQ2: 0.95206 | KR2: 0.95523 | KS2: 0.95839 | KT2: 0.96155 | KU2: 0.96472 | KV2: 0.96788 | KW2: 0.97104 | KX2: 0.9742 | KY2: 0.97737 | KZ2: 0.98053 | LA2: 0.98369 | LB2: 0.98686 | LC2: 0.99002 | LD2: 0.99318 | LE2: 0.99634 | LF2: 0.99951 | LG2: 1.00267 | LH2: 1.00583 | LI2: 1.009 | LJ2: 1.01216 | LK2: 1.01532 | LL2: 1.01849 | LM2: 1.02165 | LN2: 1.02481 | LO2: 1.02798 | LP2: 1.03114 | LQ2: 1.0343 | LR2: 1.03746 | LS2: 1.04063 | LT2: 1.04379 | LU2: 1.04695 | LV2: 1.05012 | LW2: 1.05328 | LX2: 1.05644 | LY2: 1.0596 | LZ2: 1.06277 | MA2: 1.06593 | MB2: 1.06909 | MC2: 1.07226 | MD2: 1.07542 | ME2: 1.07858 | MF2: 1.08175 | MG2: 1.08491 | MH2: 1.08807 | MI2: 1.09124 | MJ2: 1.0944 | MK2: 1.09756 | ML2: 1.10072 | MM2: 1.10389 | MN2: 1.10705 | MO2: 1.11021 | MP2: 1.11338 | MQ2: 1.11654 | MR2: 1.1197 | MS2: 1.12286 | MT2: 1.12603 | MU2: 1.12919 | MV2: 1.13235 | MW2: 1.13552 | MX2: 1.13868 | MY2: 1.14184 | MZ2: 1.14501 | NA2: 1.14817 | NB2: 1.15133 | NC2: 1.15449 | ND2: 1.15766 | NE2: 1.16082 | NF2: 1.16398 | NG2: 1.16715 | NH2: 1.17031 | NI2: 1.17347 | NJ2: 1.17664 | NK2: 1.1798 | NL2: 1.18296 | NM2: 1.18613 | NN2: 1.18929 | NO2: 1.19245 | NP2: 1.19561 | NQ2: 1.19878 | NR2: 1.20194 | NS2: 1.2051 | NT2: 1.20827 | NU2: 1.21143 | NV2: 1.21459 | NW2: 1.21775 | NX2: 1.22092 | NY2: 1.22408 | NZ2: 1.22724 | OA2: 1.23041 | OB2: 1.23357 | OC2: 1.23673 | OD2: 1.2399 | OE2: 1.24306 | OF2: 1.24622 | OG2: 1.24938 | OH2: 1.25255 | OI2: 1.25571 | OJ2: 1.25887 | OK2: 1.26204 | OL2: 1.2652 | OM2: 1.26836 | ON2: 1.27153 | OO2: 1.27469 | OP2: 1.27785 | OQ2: 1.28102 | OR2: 1.28418 | OS2: 1.28734 | OT2: 1.2905 | OU2: 1.29367 | OV2: 1.29683 | OW2: 1.29999 | OX2: 1.30316 | OY2: 1.30632 | OZ2: 1.30948 | PA2: 1.31264 | PB2: 1.31581 | PC2: 1.31897 | PD2: 1.32213 | PE2: 1.3253 | PF2: 1.32846 | PG2: 1.33162 | PH2: 1.33479 | PI2: 1.33795 | PJ2: 1.34111 | PK2: 1.34428 | PL2: 1.34744 | PM2: 1.3506 | PN2: 1.35376 | PO2: 1.35693 | PP2: 1.36009 | PQ2: 1.36325 | PR2: 1.36642 | PS2: 1.36958 | PT2: 1.37274 | PU2: 1.3759 | PV2: 1.37907 | PW2: 1.38223 | PX2: 1.38539 | PY2: 1.38856 | PZ2: 1.39172 | QA2: 1.39488 | QB2: 1.39805 | QC2: 1.40121 | QD2: 1.40437 | QE2: 1.40754 | QF2: 1.4107 | QG2: 1.41386 | QH2: 1.41702 | QI2: 1.42019 | QJ2: 1.42335 | QK2: 1.42651 | QL2: 1.42968 | QM2: 1.43284 | QN2: 1.436 | QO2: 1.43916 | QP2: 1.44233 | QQ2: 1.44549 | QR2: 1.44865 | QS2: 1.45182 | QT2: 1.45498 | QU2: 1.45814 | QV2: 1.46131 | QW2: 1.46447 | QX2: 1.46763 | QY2: 1.47079 | QZ2: 1.47396 | RA2: 1.47712 | RB2: 1.48028 | RC2: 1.48345 | RD2: 1.48661 | RE2: 1.48977 | RF2: 1.49294 | RG2: 1.4961 | RH2: 1.49926 | RI2: 1.50242 | RJ2: 1.50559 | RK2: 1.50875 | RL2: 1.51191 | RM2: 1.51508 | RN2: 1.51824 | RO2: 1.5214 | RP2: 1.52457 | RQ2: 1.52773 | RR2: 1.53089 | RS2: 1.53406 | RT2: 1.53722 | RU2: 1.54038 | RV2: 1.54354 | RW2: 1.54671 | RX2: 1.54987 | RY2: 1.55303 | RZ2: 1.5562 | SA2: 1.55936 | SB2: 1.56252 | SC2: 1.56568 | SD2: 1.56885 | SE2: 1.57201 | SF2: 1.57517 | SG2: 1.57834 | SH2: 1.5815 | SI2: 1.58466 | SJ2: 1.58783 | SK2: 1.59099 | SL2: 1.59415 | SM2: 1.59732 | SN2: 1.60048 | SO2: 1.60364 | SP2: 1.6068 | SQ2: 1.60997 | SR2: 1.61313 | SS2: 1.61629 | ST2: 1.61946 | SU2: 1.62262 | SV2: 1.62578 | SW2: 1.62894 | SX2: 1.63211 | SY2: 1.63527 | SZ2: 1.63843 | TA2: 1.6416 | TB2: 1.64476 | TC2: 1.64792 | TD2: 1.65109 | TE2: 1.65425 | TF2: 1.65741 | TG2: 1.66058 | TH2: 1.66374 | TI2: 1.6669 | TJ2: 1.67006 | TK2: 1.67323 | TL2: 1.67639 | TM2: 1.67955 | TN2: 1.68272 | TO2: 1.68588 | TP2: 1.68904 | TQ2: 1.6922 | TR2: 1.69537 | TS2: 1.69853 | TT2: 1.70169 | TU2: 1.70486 | TV2: 1.70802 | TW2: 1.71118 | TX2: 1.71435 | TY2: 1.71751 | TZ2: 1.72067 | UA2: 1.72383 | UB2: 1.727 | UC2: 1.73016 | UD2: 1.73332 | UE2: 1.73649 | UF2: 1.73965 | UG2: 1.74281 | UH2: 1.74598 | UI2: 1.74914 | UJ2: 1.7523 | UK2: 1.75546 | UL2: 1.75863 | UM2: 1.76179 | UN2: 1.76495 | UO2: 1.76812 | UP2: 1.77128 | UQ2: 1.77444 | UR2: 1.77761 | US2: 1.78077 | UT2: 1.78393 | UU2: 1.7871 | UV2: 1.79026 | UW2: 1.79342 | UX2: 1.79658 | UY2: 1.79975 | UZ2: 1.80291 | VA2: 1.80607 | VB2: 1.80924 | VC2: 1.8124 | VD2: 1.81556 | VE2: 1.81872 | VF2: 1.82189 | VG2: 1.82505 | VH2: 1.82821 | VI2: 1.83138 | VJ2: 1.83454 | VK2: 1.8377 | VL2: 1.84087 | VM2: 1.84403 | VN2: 1.84719 | VO2: 1.85036 | VP2: 1.85352 | VQ2: 1.85668 | VR2: 1.85984 | VS2: 1.86301 | VT2: 1.86617 | VU2: 1.86933 | VV2: 1.8725 | VW2: 1.87566 | VX2: 1.87882 | VY2: 1.88198 | VZ2: 1.88515 | WA2: 1.88831 | WB2: 1.89147 | WC2: 1.89464 | WD2: 1.8978 | WE2: 1.90096 | WF2: 1.90413 | WG2: 1.90729 | WH2: 1.91045 | WI2: 1.91361 | WJ2: 1.91678 | WK2: 1.91994 | WL2: 1.9231 | WM2: 1.92627 | WN2: 1.92943 | WO2: 1.93259 | WP2: 1.93576 | WQ2: 1.93892 | WR2: 1.94208 | WS2: 1.94524 | WT2: 1.94841 | WU2: 1.95157 | WV2: 1.95473 | WW2: 1.9579 | WX2: 1.96106 | WY2: 1.96422 | WZ2: 1.96739 | XA2: 1.97055 | XB2: 1.97371 | XC2: 1.97688 | XD2: 1.98004 | XE2: 1.9832 | XF2: 1.98636 | XG2: 1.98953 | XH2: 1.99269 | XI2: 1.99585 | XJ2: 1.99902 | XK2: 2.00218 | XL2: 2.00534 | XM2: 2.0085 | XN2: 2.01167 | XO2: 2.01483 | XP2: 2.01799 | XQ2: 2.02116 | XR2: 2.02432 | XS2: 2.02748 | XT2: 2.03065 | XU2: 2.03381 | XV2: 2.03697 | XW2: 2.04013 | XX2: 2.0433 | XY2: 2.04646 | XZ2: 2.04962 | YA2: 2.05279 | YB2: 2.05595 | YC2: 2.05911 | YD2: 2.06228 | YE2: 2.06544 | YF2: 2.0686 | YG2: 2.07176 | YH2: 2.07493 | YI2: 2.07809 | YJ2: 2.08125 | YK2: 2.08442 | YL2: 2.08758 | YM2: 2.09074 | YN2: 2.09391 | YO2: 2.09707 | YP2: 2.10023 | YQ2: 2.1034 | YR2: 2.10656 | YS2: 2.10972 | YT2: 2.11288 | YU2: 2.11605 | YV2: 2.11921 | YW2: 2.12237 | YX2: 2.12554 | YY2: 2.1287 | YZ2: 2.13186 | ZA2: 2.13503 | ZB2: 2.13819 | ZC2: 2.14135 | ZD2: 2.14451 | ZE2: 2.14768 | ZF2: 2.15084 | ZG2: 2.154 | ZH2: 2.15717 | ZI2: 2.16033 | ZJ2: 2.16349 | ZK2: 2.16666 | ZL2: 2.16982 | ZM2: 2.17298 | ZN2: 2.17614 | ZO2: 2.17931 | ZP2: 2.18247 | ZQ2: 2.18563 | ZR2: 2.1888 | ZS2: 2.19196 | ZT2: 2.19512 | ZU2: 2.19828 | ZV2: 2.20145 | ZW2: 2.20461 | ZX2: 2.20777 | ZY2: 2.21094 | ZZ2: 2.2141 | AAA2: 2.21726 | AAB2: 2.22043 | AAC2: 2.22359 | AAD2: 2.22675 | AAE2: 2.22991 | AAF2: 2.23308 | AAG2: 2.23624 | AAH2: 2.2394 | AAI2: 2.24257 | AAJ2: 2.24573 | AAK2: 2.24889 | AAL2: 2.25206 | AAM2: 2.25522 | AAN2: 2.25838 | AAO2: 2.26154 | AAP2: 2.26471 | AAQ2: 2.26787 | AAR2: 2.27103 | AAS2: 2.2742 | AAT2: 2.27736 | AAU2: 2.28052 | AAV2: 2.28369 | AAW2: 2.28685 | AAX2: 2.29001 | AAY2: 2.29318 | AAZ2: 2.29634 | ABA2: 2.2995 | ABB2: 2.30266 | ABC2: 2.30583 | ABD2: 2.30899 | ABE2: 2.31215 | ABF2: 2.31532 | ABG2: 2.31848 | ABH2: 2.32164 | ABI2: 2.3248 | ABJ2: 2.32797 | ABK2: 2.33113 | ABL2: 2.33429 | ABM2: 2.33746 | ABN2: 2.34062 | ABO2: 2.34378 | ABP2: 2.34695 | ABQ2: 2.35011 | ABR2: 2.35327 | ABS2: 2.35643 | ABT2: 2.3596 | ABU2: 2.36276 | ABV2: 2.36592 | ABW2: 2.36909 | ABX2: 2.37225 | ABY2: 2.37541 | ABZ2: 2.37858 | ACA2: 2.38174 | ACB2: 2.3849 | ACC2: 2.38806 | ACD2: 2.39123 | ACE2: 2.39439 | ACF2: 2.39755 | ACG2: 2.40072 | ACH2: 2.40388 | ACI2: 2.40704 | ACJ2: 2.41021 | ACK2: 2.41337 | ACL2: 2.41653 | ACM2: 2.4197 | ACN2: 2.42286 | ACO2: 2.42602 | ACP2: 2.42918 | ACQ2: 2.43235 | ACR2: 2.43551 | ACS2: 2.43867 | ACT2: 2.44184 | ACU2: 2.445 | ACV2: 2.44816 | ACW2: 2.45133 | ACX2: 2.45449 | ACY2: 2.45765 | ACZ2: 2.46081 | ADA2: 2.46398 | ADB2: 2.46714 | ADC2: 2.4703 | ADD2: 2.47347 | ADE2: 2.47663 | ADF2: 2.47979 | ADG2: 2.48296 | ADH2: 2.48612 | ADI2: 2.48928 | ADJ2: 2.49244 | ADK2: 2.49561 | ADL2: 2.49877 | ADM2: 2.50193 | ADN2: 2.5051 | ADO2: 2.50826 | ADP2: 2.51142 | ADQ2: 2.51458 | ADR2: 2.51775 | ADS2: 2.52091 | ADT2: 2.52407 | ADU2: 2.52724 | ADV2: 2.5304 | ADW2: 2.53356 | ADX2: 2.53673 | ADY2: 2.53989 | ADZ2: 2.54305 | AEA2: 2.54621 | AEB2: 2.54938 | AEC2: 2.55254 | AED2: 2.5557 | AEE2: 2.55887 | AEF2: 2.56203 | AEG2: 2.56519 | AEH2: 2.56836 | AEI2: 2.57152 | AEJ2: 2.57468 | AEK2: 2.57784 | AEL2: 2.58101 | AEM2: 2.58417 | AEN2: 2.58733 | AEO2: 2.5905 | AEP2: 2.59366 | AEQ2: 2.59682 | AER2: 2.59999 | AES2: 2.60315 | AET2: 2.60631 | AEU2: 2.60948 | AEV2: 2.61264 | AEW2: 2.6158 | AEX2: 2.61896 | AEY2: 2.62213 | AEZ2: 2.62529 | AFA2: 2.62845 | AFB2: 2.63162 | AFC2: 2.63478 | AFD2: 2.63794 | AFE2: 2.6411 | AFF2: 2.64427 | AFG2: 2.64743 | AFH2: 2.65059 | AFI2: 2.65376 | AFJ2: 2.65692 | AFK2: 2.66008 | AFL2: 2.66325 | AFM2: 2.66641 | AFN2: 2.66957 | AFO2: 2.67274 | AFP2: 2.6759 | AFQ2: 2.67906 | AFR2: 2.68222 | AFS2: 2.68539 | AFT2: 2.68855 | AFU2: 2.69171 | AFV2: 2.69488 | AFW2: 2.69804 | AFX2: 2.7012 | AFY2: 2.70436 | AFZ2: 2.70753 | AGA2: 2.71069 | AGB2: 2.71385 | AGC2: 2.71702 | AGD2: 2.72018 | AGE2: 2.72334 | AGF2: 2.72651 | AGG2: 2.72967 | AGH2: 2.73283 | AGI2: 2.736 | AGJ2: 2.73916 | AGK2: 2.74232 | AGL2: 2.74548 | AGM2: 2.74865 | AGN2: 2.75181 | AGO2: 2.75497 | AGP2: 2.75814 | AGQ2: 2.7613 | AGR2: 2.76446 | AGS2: 2.76762 | AGT2: 2.77079 | AGU2: 2.77395 | AGV2: 2.77711 | AGW2: 2.78028 | AGX2: 2.78344 | AGY2: 2.7866 | AGZ2: 2.78977 | AHA2: 2.79293 | AHB2: 2.79609 | AHC2: 2.79926 | AHD2: 2.80242 | AHE2: 2.80558 | AHF2: 2.80874 | AHG2: 2.81191 | AHH2: 2.81507 | AHI2: 2.81823 | AHJ2: 2.8214 | AHK2: 2.82456 | AHL2: 2.82772 | AHM2: 2.83088 | AHN2: 2.83405 | AHO2: 2.83721 | AHP2: 2.84037 | AHQ2: 2.84354
A3: 1.5 | B3: -0.094772996 | C3: -0.094577007 | D3: -0.094375155 | E3: -0.094168493 | F3: -0.093958214 | G3: -0.093745566 | H3: -0.093531698 | I3: -0.093317687 | J3: -0.093104411 | K3: -0.092892459 | L3: -0.092682104 | M3: -0.092473251 | N3: -0.092265499 | O3: -0.092058125 | P3: -0.091850156 | Q3: -0.0916404 | R3: -0.091427597 | S3: -0.091210406 | T3: -0.090987526 | U3: -0.090757749 | V3: -0.090519875 | W3: -0.090272829 | X3: -0.090015614 | Y3: -0.089747222 | Z3: -0.089466587 | AA3: -0.089172626 | AB3: -0.088864156 | AC3: -0.088539848 | AD3: -0.088198262 | AE3: -0.087837854 | AF3: -0.087456973 | AG3: -0.087053956 | AH3: -0.086627157 | AI3: -0.086174896 | AJ3: -0.085695526 | AK3: -0.085187408 | AL3: -0.084648868 | AM3: -0.084078184 | AN3: -0.083473489 | AO3: -0.082832732 | AP3: -0.082153635 | AQ3: -0.081433628 | AR3: -0.080669891 | AS3: -0.079859364 | AT3: -0.078998772 | AU3: -0.078084766 | AV3: -0.077114009 | AW3: -0.076083332 | AX3: -0.07498986 | AY3: -0.073831157 | AZ3: -0.072605305 | BA3: -0.071311065 | BB3: -0.069947894 | BC3: -0.068515999 | BD3: -0.067016263 | BE3: -0.065450289 | BF3: -0.063820285 | BG3: -0.062128915 | BH3: -0.060379316 | BI3: -0.058574925 | BJ3: -0.056719491 | BK3: -0.054816941 | BL3: -0.052871401 | BM3: -0.050887208 | BN3: -0.048868973 | BO3: -0.046821553 | BP3: -0.044750187 | BQ3: -0.042660566 | BR3: -0.040558858 | BS3: -0.038451724 | BT3: -0.036346373 | BU3: -0.034250496 | BV3: -0.032172216 | BW3: -0.030119954 | BX3: -0.028102322 | BY3: -0.026127969 | BZ3: -0.024205324 | CA3: -0.02234248 | CB3: -0.020546992 | CC3: -0.018825689 | CD3: -0.017184529 | CE3: -0.015628497 | CF3: -0.014161506 | CG3: -0.012786336 | CH3: -0.011504647 | CI3: -0.010316984 | CJ3: -0.0092228274 | CK3: -0.0082206514 | CL3: -0.0073080891 | CM3: -0.0064819266 | CN3: -0.0057383048 | CO3: -0.0050727958 | CP3: -0.0044804954 | CQ3: -0.0039562139 | CR3: -0.0034945737 | CS3: -0.0030900857 | CT3: -0.0027373057 | CU3: -0.002430917 | CV3: -0.0021658315 | CW3: -0.0019372349 | CX3: -0.001740665 | CY3: -0.0015720493 | CZ3: -0.0014276488 | DA3: -0.0013041164 | DB3: -0.001198442 | DC3: -0.0011079255 | DD3: -0.0010301488 | DE3: -0.00096294173 | DF3: -0.00090433037 | DG3: -0.00085255682 | DH3: -0.00080606939 | DI3: -0.000763512 | DJ3: -0.00072374567 | DK3: -0.00068584163 | DL3: -0.00064911401 | DM3: -0.0006131541 | DN3: -0.0005777126 | DO3: -0.00054279062 | DP3: -0.00050862858 | DQ3: -0.00047551335 | DR3: -0.00044391595 | DS3: -0.00041433163 | DT3: -0.00038725509 | DU3: -0.00036314481 | DV3: -0.00034238342 | DW3: -0.0003252119 | DX3: -0.00031177321 | DY3: -0.00030203181 | DZ3: -0.00029584622 | EA3: -0.00029289449 | EB3: -0.00029281621 | EC3: -0.00029516061 | ED3: -0.00029949775 | EE3: -0.00030538967 | EF3: -0.0003124808 | EG3: -0.00032046802 | EH3: -0.00032913702 | EI3: -0.00033841958 | EJ3: -0.00034830457 | EK3: -0.00035886421 | EL3: -0.00037017162 | EM3: -0.00038235766 | EN3: -0.00039550056 | EO3: -0.00040959347 | EP3: -0.00042460547 | EQ3: -0.00044044665 | ER3: -0.0004569803 | ES3: -0.00047398692 | ET3: -0.00049128454 | EU3: -0.00050870607 | EV3: -0.00052615906 | EW3: -0.00054361379 | EX3: -0.00056115699 | EY3: -0.00057898617 | EZ3: -0.00059738082 | FA3: -0.00061670641 | FB3: -0.00063737452 | FC3: -0.00065971436 | FD3: -0.00068400679 | FE3: -0.00071042389 | FF3: -0.00073893972 | FG3: -0.00076932284 | FH3: -0.00080110549 | FI3: -0.00083364462 | FJ3: -0.00086607796 | FK3: -0.00089740666 | FL3: -0.00092651755 | FM3: -0.00095226548 | FN3: -0.00097354261 | FO3: -0.00098937612 | FP3: -0.00099898278 | FQ3: -0.0010017395 | FR3: -0.00099732979 | FS3: -0.00098568858 | FT3: -0.00096703984 | FU3: -0.00094183382 | FV3: -0.00091073592 | FW3: -0.00087463035 | FX3: -0.00083454038 | FY3: -0.00079154406 | FZ3: -0.00074685512 | GA3: -0.00070166013 | GB3: -0.00065712599 | GC3: -0.00061440209 | GD3: -0.00057452748 | GE3: -0.00053843327 | GF3: -0.0005068884 | GG3: -0.00048051901 | GH3: -0.0004597583 | GI3: -0.00044481975 | GJ3: -0.0004357185 | GK3: -0.00043224655 | GL3: -0.00043396691 | GM3: -0.00044027858 | GN3: -0.00045042138 | GO3: -0.00046350073 | GP3: -0.0004786123 | GQ3: -0.00049477741 | GR3: -0.00051104321 | GS3: -0.00052655225 | GT3: -0.00054054307 | GU3: -0.00055241886 | GV3: -0.00056173458 | GW3: -0.00056827447 | GX3: -0.00057198567 | GY3: -0.00057300099 | GZ3: -0.00057158536 | HA3: -0.00056817289 | HB3: -0.0005633217 | HC3: -0.00055762189 | HD3: -0.00055170078 | HE3: -0.00054617582 | HF3: -0.00054161056 | HG3: -0.00053847019 | HH3: -0.00053710343 | HI3: -0.00053769823 | HJ3: -0.00054030761 | HK3: -0.00054483773 | HL3: -0.00055107136 | HM3: -0.00055866588 | HN3: -0.00056718649 | HO3: -0.00057613493 | HP3: -0.00058501527 | HQ3: -0.00059330711 | HR3: -0.00060058725 | HS3: -0.00060648301 | HT3: -0.00061077674 | HU3: -0.00061338085 | HV3: -0.00061435926 | HW3: -0.00061388579 | HX3: -0.0006122883 | HY3: -0.00060994307 | HZ3: -0.00060733964 | IA3: -0.00060492688 | IB3: -0.00060312966 | IC3: -0.00060228208 | ID3: -0.00060263844 | IE3: -0.00060428988 | IF3: -0.00060722954 | IG3: -0.00061128351 | IH3: -0.00061621352 | II3: -0.00062170424 | IJ3: -0.00062741067 | IK3: -0.00063303259 | IL3: -0.00063826594 | IM3: -0.00064288303 | IN3: -0.00064669585 | IO3: -0.0006496127 | IP3: -0.0006515539 | IQ3: -0.000652471 | IR3: -0.0006523348 | IS3: -0.00065108553 | IT3: -0.00064862331 | IU3: -0.00064489687 | IV3: -0.0006397708 | IW3: -0.00063312894 | IX3: -0.00062489339 | IY3: -0.00061498294 | IZ3: -0.00060341967 | JA3: -0.00059032725 | JB3: -0.0005758657 | JC3: -0.00056036006 | JD3: -0.00054423871 | JE3: -0.00052799545 | JF3: -0.00051221083 | JG3: -0.0004975191 | JH3: -0.00048455565 | JI3: -0.00047388672 | JJ3: -0.00046595358 | JK3: -0.00046109511 | JL3: -0.00045945257 | JM3: -0.00046088791 | JN3: -0.00046509264 | JO3: -0.00047150402 | JP3: -0.00047936791 | JQ3: -0.00048781247 | JR3: -0.00049587894 | JS3: -0.00050265357 | JT3: -0.00050734422 | JU3: -0.00050933774 | JV3: -0.0005082856 | JW3: -0.0005040988 | JX3: -0.00049704425 | JY3: -0.00048758943 | JZ3: -0.00047644066 | KA3: -0.00046436676 | KB3: -0.00045218786 | KC3: -0.00044059995 | KD3: -0.00043013396 | KE3: -0.00042104395 | KF3: -0.00041333255 | KG3: -0.00040667683 | KH3: -0.00040054421 | KI3: -0.00039423907 | KJ3: -0.0003870139 | KK3: -0.00037815754 | KL3: -0.00036715081 | KM3: -0.00035370382 | KN3: -0.0003378607 | KO3: -0.00031999425 | KP3: -0.00030085533 | KQ3: -0.00028144388 | KR3: -0.0002629767 | KS3: -0.00024674943 | KT3: -0.00023402428 | KU3: -0.00022594609 | KV3: -0.00022341314 | KW3: -0.0002269938 | KX3: -0.00023692268 | KY3: -0.00025305438 | KZ3: -0.00027494385 | LA3: -0.00030182388 | LB3: -0.00033272141 | LC3: -0.00036651738 | LD3: -0.00040199834 | LE3: -0.00043800488 | LF3: -0.00047339243 | LG3: -0.00050711826 | LH3: -0.00053826238 | LI3: -0.00056606697 | LJ3: -0.0005898605 | LK3: -0.00060917687 | LL3: -0.00062365462 | LM3: -0.00063304893 | LN3: -0.00063728659 | LO3: -0.00063643998 | LP3: -0.00063074021 | LQ3: -0.00062054266 | LR3: -0.00060638397 | LS3: -0.00058894532 | LT3: -0.00056898628 | LU3: -0.00054740388 | LV3: -0.00052514194 | LW3: -0.00050314203 | LX3: -0.00048232216 | LY3: -0.00046357024 | LZ3: -0.00044764474 | MA3: -0.00043520098 | MB3: -0.00042671783 | MC3: -0.00042253297 | MD3: -0.00042283206 | ME3: -0.00042760922 | MF3: -0.00043673143 | MG3: -0.00044992155 | MH3: -0.00046682888 | MI3: -0.00048704108 | MJ3: -0.00051010016 | MK3: -0.0005356047 | ML3: -0.00056321548 | MM3: -0.0005926652 | MN3: -0.00062379954 | MO3: -0.000656543 | MP3: -0.00069088314 | MQ3: -0.00072687839 | MR3: -0.00076455423 | MS3: -0.00080391021 | MT3: -0.00084480005 | MU3: -0.0008870084 | MV3: -0.00093018719 | MW3: -0.00097385531 | MX3: -0.0010174077 | MY3: -0.0010601617 | MZ3: -0.0011014231 | NA3: -0.0011405401 | NB3: -0.001176906 | NC3: -0.0012100174 | ND3: -0.00123948 | NE3: -0.0012650107 | NF3: -0.0012864503 | NG3: -0.0013036983 | NH3: -0.001316737 | NI3: -0.0013255836 | NJ3: -0.0013302944 | NK3: -0.001330969 | NL3: -0.0013277021 | NM3: -0.0013205872 | NN3: -0.0013097628 | NO3: -0.0012953873 | NP3: -0.0012776155 | NQ3: -0.0012566385 | NR3: -0.0012326236 | NS3: -0.0012058039 | NT3: -0.0011764127 | NU3: -0.0011447135 | NV3: -0.0011110021 | NW3: -0.0010755698 | NX3: -0.0010387216 | NY3: -0.0010008025 | NZ3: -0.00096219386 | OA3: -0.00092327556 | OB3: -0.00088440401 | OC3: -0.00084593792 | OD3: -0.00080825266 | OE3: -0.00077173078 | OF3: -0.00073671496 | OG3: -0.00070354547 | OH3: -0.00067257869 | OI3: -0.00064416823 | OJ3: -0.00061868211 | OK3: -0.00059651148 | OL3: -0.00057799011 | OM3: -0.00056345295 | ON3: -0.00055314802 | OO3: -0.00054722176 | OP3: -0.00054569709 | OQ3: -0.00054837711 | OR3: -0.00055492677 | OS3: -0.00056479929 | OT3: -0.00057722278 | OU3: -0.00059130344 | OV3: -0.00060605764 | OW3: -0.00062042792 | OX3: -0.00063340305 | OY3: -0.00064410774 | OZ3: -0.00065179804 | PA3: -0.00065598699 | PB3: -0.00065647746 | PC3: -0.00065339973 | PD3: -0.00064705653 | PE3: -0.0006380273 | PF3: -0.00062704173 | PG3: -0.00061486942 | PH3: -0.0006022696 | PI3: -0.00058983589 | PJ3: -0.00057792737 | PK3: -0.00056663525 | PL3: -0.00055572106 | PM3: -0.00054464135 | PN3: -0.00053257362 | PO3: -0.00051854307 | PP3: -0.00050151786 | PQ3: -0.00048054421 | PR3: -0.00045487714 | PS3: -0.00042409132 | PT3: -0.00038818876 | PU3: -0.00034764969 | PV3: -0.00030345818 | PW3: -0.0002570525 | PX3: -0.00021026818 | PY3: -0.00016524373 | PZ3: -0.00012421079 | QA3: -8.9406847e-05 | QB3: -6.2909714e-05 | QC3: -4.6464451e-05 | QD3: -4.1402011e-05 | QE3: -4.8527404e-05 | QF3: -6.8098303e-05 | QG3: -9.9719398e-05 | QH3: -0.00014248003 | QI3: -0.0001949119 | QJ3: -0.00025517221 | QK3: -0.00032111024 | QL3: -0.0003904184 | QM3: -0.00046074572 | QN3: -0.00052992437 | QO3: -0.00059605839 | QP3: -0.00065766932 | QQ3: -0.00071369859 | QR3: -0.00076365117 | QS3: -0.00080751714 | QT3: -0.00084576341 | QU3: -0.00087926671 | QV3: -0.00090912383 | QW3: -0.00093660162 | QX3: -0.00096291974 | QY3: -0.00098915124 | QZ3: -0.0010161396 | RA3: -0.0010443744 | RB3: -0.0010740213 | RC3: -0.0011048724 | RD3: -0.001136445 | RE3: -0.0011680293 | RF3: -0.0011988276 | RG3: -0.0012280209 | RH3: -0.0012548513 | RI3: -0.0012787641 | RJ3: -0.0012994065 | RK3: -0.0013166479 | RL3: -0.0013305715 | RM3: -0.0013415018 | RN3: -0.0013498491 | RO3: -0.0013561438 | RP3: -0.0013609051 | RQ3: -0.001364574 | RR3: -0.0013675062 | RS3: -0.0013699101 | RT3: -0.0013718849 | RU3: -0.001373387 | RV3: -0.00137423 | RW3: -0.0013741898 | RX3: -0.0013729695 | RY3: -0.0013702933 | RZ3: -0.0013659024 | SA3: -0.0013596477 | SB3: -0.0013514712 | SC3: -0.0013413861 | SD3: -0.0013295433 | SE3: -0.0013162372 | SF3: -0.0013017937 | SG3: -0.001286671 | SH3: -0.0012713581 | SI3: -0.0012564239 | SJ3: -0.0012424083 | SK3: -0.0012298224 | SL3: -0.0012191662 | SM3: -0.0012108622 | SN3: -0.0012052426 | SO3: -0.0012025142 | SP3: -0.0012028301 | SQ3: -0.0012061042 | SR3: -0.0012121924 | SS3: -0.0012208238 | ST3: -0.001231651 | SU3: -0.0012442288 | SV3: -0.001258094 | SW3: -0.0012728006 | SX3: -0.0012879292 | SY3: -0.0013031072 | SZ3: -0.0013180938 | TA3: -0.0013327214 | TB3: -0.0013469267 | TC3: -0.0013607252 | TD3: -0.0013741962 | TE3: -0.0013874981 | TF3: -0.0014007652 | TG3: -0.0014141351 | TH3: -0.0014276932 | TI3: -0.0014415166 | TJ3: -0.0014555796 | TK3: -0.0014698303 | TL3: -0.0014841621 | TM3: -0.0014983642 | TN3: -0.0015122021 | TO3: -0.0015253795 | TP3: -0.0015375479 | TQ3: -0.0015483236 | TR3: -0.0015572931 | TS3: -0.0015640399 | TT3: -0.0015681547 | TU3: -0.0015692852 | TV3: -0.0015671391 | TW3: -0.0015615273 | TX3: -0.0015523939 | TY3: -0.001539852 | TZ3: -0.0015242107 | UA3: -0.0015059287 | UB3: -0.0014856346 | UC3: -0.0014640814 | UD3: -0.0014421523 | UE3: -0.0014208019 | UF3: -0.0014010162 | UG3: -0.0013837527 | UH3: -0.0013699112 | UI3: -0.001360273 | UJ3: -0.0013554642 | UK3: -0.0013559548 | UL3: -0.0013620543 | UM3: -0.0013738157 | UN3: -0.0013910476 | UO3: -0.0014133926 | UP3: -0.0014401916 | UQ3: -0.0014706067 | UR3: -0.0015035864 | US3: -0.0015379357 | UT3: -0.0015723934 | UU3: -0.0016056847 | UV3: -0.0016365672 | UW3: -0.0016640244 | UX3: -0.0016872366 | UY3: -0.0017056922 | UZ3: -0.0017192893 | VA3: -0.0017282485 | VB3: -0.0017331687 | VC3: -0.0017349651 | VD3: -0.0017348227 | VE3: -0.0017340388 | VF3: -0.0017339173 | VG3: -0.0017356697 | VH3: -0.0017403308 | VI3: -0.0017485819 | VJ3: -0.0017608012 | VK3: -0.001776957 | VL3: -0.0017966587 | VM3: -0.0018191887 | VN3: -0.0018435943 | VO3: -0.0018687645 | VP3: -0.0018935683 | VQ3: -0.0019169061 | VR3: -0.0019377751 | VS3: -0.0019553895 | VT3: -0.0019691652 | VU3: -0.0019787782 | VV3: -0.0019841206 | VW3: -0.0019852398 | VX3: -0.0019823967 | VY3: -0.0019759554 | VZ3: -0.0019663338 | WA3: -0.0019540162 | WB3: -0.0019394706 | WC3: -0.0019232466 | WD3: -0.0019058797 | WE3: -0.0018879052 | WF3: -0.0018699016 | WG3: -0.0018524664 | WH3: -0.0018361829 | WI3: -0.0018216267 | WJ3: -0.0018093539 | WK3: -0.0017998439 | WL3: -0.0017934554 | WM3: -0.0017904004 | WN3: -0.0017906898 | WO3: -0.0017941509 | WP3: -0.001800434 | WQ3: -0.0018090153 | WR3: -0.0018192489 | WS3: -0.0018303586 | WT3: -0.001841553 | WU3: -0.0018520427 | WV3: -0.0018611211 | WW3: -0.0018681607 | WX3: -0.0018726828 | WY3: -0.0018743772 | WZ3: -0.0018730379 | XA3: -0.0018686323 | XB3: -0.0018612221 | XC3: -0.0018509091 | XD3: -0.0018378652 | XE3: -0.0018223291 | XF3: -0.0018045139 | XG3: -0.0017846944 | XH3: -0.0017631773 | XI3: -0.0017403444 | XJ3: -0.0017166335 | XK3: -0.0016925878 | XL3: -0.0016688443 | XM3: -0.0016461402 | XN3: -0.0016253136 | XO3: -0.0016072158 | XP3: -0.0015927028 | XQ3: -0.0015825124 | XR3: -0.0015772343 | XS3: -0.0015772116 | XT3: -0.0015825429 | XU3: -0.0015929827 | XV3: -0.00160798 | XW3: -0.0016266275 | XX3: -0.0016477909 | XY3: -0.0016701012 | XZ3: -0.0016920563 | YA3: -0.0017121127 | YB3: -0.0017287912 | YC3: -0.001740791 | YD3: -0.0017470113 | YE3: -0.0017466982 | YF3: -0.0017394789 | YG3: -0.0017253376 | YH3: -0.0017046938 | YI3: -0.0016784431 | YJ3: -0.0016478226 | YK3: -0.0016144462 | YL3: -0.0015801272 | YM3: -0.0015469059 | YN3: -0.0015169223 | YO3: -0.0014922687 | YP3: -0.0014748965 | YQ3: -0.0014665273 | YR3: -0.0014685134 | YS3: -0.0014817817 | YT3: -0.0015067101 | YU3: -0.0015431525 | YV3: -0.0015903945 | YW3: -0.0016471949 | YX3: -0.0017117726 | YY3: -0.0017819889 | YZ3: -0.0018553858 | ZA3: -0.001929337 | ZB3: -0.0020011977 | ZC3: -0.0020684268 | ZD3: -0.0021287228 | ZE3: -0.0021801604 | ZF3: -0.0022212665 | ZG3: -0.0022510578 | ZH3: -0.0022691158 | ZI3: -0.0022755448 | ZJ3: -0.0022709467 | ZK3: -0.0022563977 | ZL3: -0.0022333077 | ZM3: -0.0022033825 | ZN3: -0.0021684801 | ZO3: -0.0021305235 | ZP3: -0.0020914047 | ZQ3: -0.0020529172 | ZR3: -0.0020166304 | ZS3: -0.0019838808 | ZT3: -0.0019556291 | ZU3: -0.0019325156 | ZV3: -0.0019147798 | ZW3: -0.0019022703 | ZX3: -0.0018945203 | ZY3: -0.0018907334 | ZZ3: -0.0018898777 | AAA3: -0.0018907962 | AAB3: -0.0018923069 | AAC3: -0.0018932542 | AAD3: -0.0018926535 | AAE3: -0.0018897723 | AAF3: -0.0018842123 | AAG3: -0.0018758888 | AAH3: -0.0018650639 | AAI3: -0.001852319 | AAJ3: -0.001838486 | AAK3: -0.0018245257 | AAL3: -0.0018114201 | AAM3: -0.0018001288 | AAN3: -0.0017914422 | AAO3: -0.001785912 | AAP3: -0.0017838085 | AAQ3: -0.0017851223 | AAR3: -0.0017895702 | AAS3: -0.0017966481 | AAT3: -0.0018057325 | AAU3: -0.0018161312 | AAV3: -0.0018271626 | AAW3: -0.0018382275 | AAX3: -0.0018488628 | AAY3: -0.0018587668 | AAZ3: -0.0018677585 | ABA3: -0.0018758139 | ABB3: -0.0018829266 | ABC3: -0.0018892011 | ABD3: -0.0018947321 | ABE3: -0.0018995548 | ABF3: -0.0019037182 | ABG3: -0.0019072612 | ABH3: -0.0019101904 | ABI3: -0.0019125879 | ABJ3: -0.001914638 | ABK3: -0.0019166384 | ABL3: -0.0019190068 | ABM3: -0.0019222838 | ABN3: -0.0019271309 | ABO3: -0.0019342666 | ABP3: -0.0019443759 | ABQ3: -0.00195809 | ABR3: -0.0019758631 | ABS3: -0.0019979269 | ABT3: -0.0020242697 | ABU3: -0.0020545925 | ABV3: -0.0020882603 | ABW3: -0.0021244286 | ABX3: -0.0021619804 | ABY3: -0.0021996557 | ABZ3: -0.0022361279 | ACA3: -0.0022700516 | ACB3: -0.0023001493 | ACC3: -0.0023253023 | ACD3: -0.0023445853 | ACE3: -0.0023573426 | ACF3: -0.0023631879 | ACG3: -0.0023620032 | ACH3: -0.0023540128 | ACI3: -0.0023396794 | ACJ3: -0.0023197302 | ACK3: -0.0022950676 | ACL3: -0.0022667998 | ACM3: -0.0022362009 | ACN3: -0.0022045655 | ACO3: -0.0021732606 | ACP3: -0.0021436661 | ACQ3: -0.0021171171 | ACR3: -0.0020948504 | ACS3: -0.00207798 | ACT3: -0.0020673922 | ACU3: -0.0020637693 | ACV3: -0.0020674956 | ACW3: -0.0020785811 | ACX3: -0.0020967473 | ACY3: -0.002121333 | ACZ3: -0.0021513299 | ADA3: -0.0021854493 | ADB3: -0.0022221806 | ADC3: -0.0022599002 | ADD3: -0.0022969803 | ADE3: -0.0023318806 | ADF3: -0.0023633 | ADG3: -0.0023902087 | ADH3: -0.0024119701 | ADI3: -0.0024283952 | ADJ3: -0.0024396544 | ADK3: -0.0024463325 | ADL3: -0.0024492323 | ADM3: -0.002449384 | ADN3: -0.0024478856 | ADO3: -0.0024457795 | ADP3: -0.0024439446 | ADQ3: -0.0024430342 | ADR3: -0.0024433736 | ADS3: -0.002444968 | ADT3: -0.002447471 | ADU3: -0.002450298 | ADV3: -0.0024525803 | ADW3: -0.0024533413 | ADX3: -0.0024515734 | ADY3: -0.0024463637 | ADZ3: -0.0024369234 | AEA3: -0.0024227636 | AEB3: -0.0024036684 | AEC3: -0.0023797677 | AED3: -0.0023515598 | AEE3: -0.0023198745 | AEF3: -0.0022857841 | AEG3: -0.0022505965 | AEH3: -0.0022157053 | AEI3: -0.0021824898 | AEJ3: -0.0021522656 | AEK3: -0.0021261535 | AEL3: -0.0021050392 | AEM3: -0.0020895017 | AEN3: -0.0020797893 | AEO3: -0.0020758234 | AEP3: -0.0020772039 | AEQ3: -0.0020832642 | AER3: -0.0020931626 | AES3: -0.0021058766 | AET3: -0.0021203085 | AEU3: -0.0021353889 | AEV3: -0.0021500931 | AEW3: -0.0021635369 | AEX3: -0.0021749673 | AEY3: -0.0021838543 | AEZ3: -0.0021898563 | AFA3: -0.0021928342 | AFB3: -0.0021928301 | AFC3: -0.0021901165 | AFD3: -0.0021850508 | AFE3: -0.0021780624 | AFF3: -0.0021696682 | AFG3: -0.0021603219 | AFH3: -0.0021504442 | AFI3: -0.0021403997 | AFJ3: -0.002130401 | AFK3: -0.0021205943 | AFL3: -0.0021109392 | AFM3: -0.0021013039 | AFN3: -0.0020915178 | AFO3: -0.0020813143 | AFP3: -0.0020704626 | AFQ3: -0.0020587003 | AFR3: -0.0020458639 | AFS3: -0.002031895 | AFT3: -0.0020168414 | AFU3: -0.0020008617 | AFV3: -0.0019842193 | AFW3: -0.001967299 | AFX3: -0.0019504931 | AFY3: -0.001934244 | AFZ3: -0.0019189945 | AGA3: -0.0019051265 | AGB3: -0.0018929214 | AGC3: -0.0018826012 | AGD3: -0.0018742271 | AGE3: -0.0018677578 | AGF3: -0.0018629914 | AGG3: -0.0018596431 | AGH3: -0.0018573377 | AGI3: -0.0018556496 | AGJ3: -0.0018541145 | AGK3: -0.0018523233 | AGL3: -0.0018498507 | AGM3: -0.001846346 | AGN3: -0.0018415352 | AGO3: -0.0018352525 | AGP3: -0.0018274109 | AGQ3: -0.001818018 | AGR3: -0.0018072125 | AGS3: -0.0017952093 | AGT3: -0.0017822899 | AGU3: -0.0017687636 | AGV3: -0.0017549914 | AGW3: -0.0017413615 | AGX3: -0.001728236 | AGY3: -0.0017159968 | AGZ3: -0.001704982 | AHA3: -0.0016954858 | AHB3: -0.0016877583 | AHC3: -0.0016820351 | AHD3: -0.0016784283 | AHE3: -0.0016769596 | AHF3: -0.0016776072 | AHG3: -0.0016802771 | AHH3: -0.0016847334 | AHI3: -0.0016906792 | AHJ3: -0.0016977551 | AHK3: -0.0017055232 | AHL3: -0.0017134617 | AHM3: -0.001721064 | AHN3: -0.0017278454 | AHO3: -0.0017333798 | AHP3: -0.0017372921 | AHQ3: -0.0017393182
A4: 2.5 | B4: -0.095680409 | C4: -0.095519298 | D4: -0.095355248 | E4: -0.095189616 | F4: -0.095023952 | G4: -0.094859926 | H4: -0.094699178 | I4: -0.094543338 | J4: -0.094393874 | K4: -0.094251962 | L4: -0.094118499 | M4: -0.093993987 | N4: -0.093878588 | O4: -0.093772141 | P4: -0.093674184 | Q4: -0.093584043 | R4: -0.093500931 | S4: -0.093423987 | T4: -0.093352395 | U4: -0.093285373 | V4: -0.093222161 | W4: -0.093162097 | X4: -0.093104575 | Y4: -0.093048933 | Z4: -0.092994469 | AA4: -0.092940449 | AB4: -0.092886072 | AC4: -0.092830466 | AD4: -0.09277277 | AE4: -0.092712168 | AF4: -0.092647985 | AG4: -0.092579773 | AH4: -0.092507406 | AI4: -0.092431034 | AJ4: -0.09235115 | AK4: -0.092268511 | AL4: -0.092184092 | AM4: -0.092099016 | AN4: -0.092014409 | AO4: -0.091931273 | AP4: -0.091850407 | AQ4: -0.09177227 | AR4: -0.091696957 | AS4: -0.091624153 | AT4: -0.091553122 | AU4: -0.091482814 | AV4: -0.091411887 | AW4: -0.09133882 | AX4: -0.091262005 | AY4: -0.091179853 | AZ4: -0.091090875 | BA4: -0.090993736 | BB4: -0.090887344 | BC4: -0.090770825 | BD4: -0.090643534 | BE4: -0.090505097 | BF4: -0.090355372 | BG4: -0.090194332 | BH4: -0.090022164 | BI4: -0.089839133 | BJ4: -0.08964563 | BK4: -0.089442073 | BL4: -0.089228881 | BM4: -0.089006502 | BN4: -0.088775362 | BO4: -0.0885358 | BP4: -0.088288068 | BQ4: -0.088032312 | BR4: -0.087768562 | BS4: -0.087496691 | BT4: -0.087216455 | BU4: -0.086927463 | BV4: -0.086629249 | BW4: -0.086321242 | BX4: -0.086002799 | BY4: -0.085673286 | BZ4: -0.085332058 | CA4: -0.084978517 | CB4: -0.084612112 | CC4: -0.084232338 | CD4: -0.083838779 | CE4: -0.083431017 | CF4: -0.083008642 | CG4: -0.082571191 | CH4: -0.082118128 | CI4: -0.081648734 | CJ4: -0.08116206 | CK4: -0.080656874 | CL4: -0.080131665 | CM4: -0.079584478 | CN4: -0.079013081 | CO4: -0.078414813 | CP4: -0.077786668 | CQ4: -0.077125395 | CR4: -0.076427609 | CS4: -0.075689803 | CT4: -0.074908552 | CU4: -0.074080618 | CV4: -0.073203037 | CW4: -0.072273235 | CX4: -0.071289068 | CY4: -0.070248901 | CZ4: -0.069151508 | DA4: -0.067996094 | DB4: -0.066782232 | DC4: -0.065509741 | DD4: -0.064178598 | DE4: -0.062788895 | DF4: -0.061340731 | DG4: -0.059834205 | DH4: -0.058269466 | DI4: -0.056646696 | DJ4: -0.054966279 | DK4: -0.053228848 | DL4: -0.051435492 | DM4: -0.049587904 | DN4: -0.047688465 | DO4: -0.04574046 | DP4: -0.043748227 | DQ4: -0.041717083 | DR4: -0.039653545 | DS4: -0.037565201 | DT4: -0.035460673 | DU4: -0.033349543 | DV4: -0.031242134 | DW4: -0.029149335 | DX4: -0.027082378 | DY4: -0.025052563 | DZ4: -0.023071006 | EA4: -0.021148257 | EB4: -0.019294176 | EC4: -0.017517621 | ED4: -0.015826289 | EE4: -0.014226504 | EF4: -0.012723181 | EG4: -0.011319736 | EH4: -0.010018098 | EI4: -0.0088188003 | EJ4: -0.0077210312 | EK4: -0.0067228107 | EL4: -0.0058210409 | EM4: -0.0050117865 | EN4: -0.0042903802 | EO4: -0.0036515319 | EP4: -0.0030895672 | EQ4: -0.0025985857 | ER4: -0.0021725399 | ES4: -0.0018053525 | ET4: -0.0014911036 | EU4: -0.001224056 | EV4: -0.00099878996 | EW4: -0.00081020682 | EX4: -0.00065364192 | EY4: -0.00052488301 | EZ4: -0.00042015176 | FA4: -0.00033612636 | FB4: -0.0002699562 | FC4: -0.00021910221 | FD4: -0.00018140303 | FE4: -0.00015495613 | FF4: -0.00013805324 | FG4: -0.00012915446 | FH4: -0.00012676036 | FI4: -0.00012950607 | FJ4: -0.00013601115 | FK4: -0.00014492508 | FL4: -0.0001549436 | FM4: -0.00016481814 | FN4: -0.00017338195 | FO4: -0.00017963906 | FP4: -0.00018280052 | FQ4: -0.00018222673 | FR4: -0.00017757788 | FS4: -0.00016872686 | FT4: -0.000155788 | FU4: -0.00013907287 | FV4: -0.00011902306 | FW4: -9.6202696e-05 | FX4: -7.1232878e-05 | FY4: -4.4674354e-05 | FZ4: -1.7084327e-05 | GA4: 1.1124954e-05 | GB4: 3.96353e-05 | GC4: 6.8227619e-05 | GD4: 9.6844348e-05 | GE4: 0.00012551816 | GF4: 0.00015436494 | GG4: 0.00018350657 | GH4: 0.0002131008 | GI4: 0.00024328737 | GJ4: 0.00027415007 | GK4: 0.00030569829 | GL4: 0.00033787268 | GM4: 0.00037053267 | GN4: 0.00040344627 | GO4: 0.00043634023 | GP4: 0.00046885193 | GQ4: 0.00050061773 | GR4: 0.00053125583 | GS4: 0.00056039137 | GT4: 0.00058769049 | GU4: 0.00061282267 | GV4: 0.0006355171 | GW4: 0.00065547466 | GX4: 0.00067244459 | GY4: 0.00068615455 | GZ4: 0.00069637702 | HA4: 0.00070282809 | HB4: 0.00070521221 | HC4: 0.00070329919 | HD4: 0.00069690572 | HE4: 0.00068592921 | HF4: 0.00067044533 | HG4: 0.0006506755 | HH4: 0.00062706529 | HI4: 0.00060027793 | HJ4: 0.00057115314 | HK4: 0.00054067981 | HL4: 0.00050990234 | HM4: 0.00047991461 | HN4: 0.0004516805 | HO4: 0.00042601993 | HP4: 0.00040351133 | HQ4: 0.00038445912 | HR4: 0.00036888368 | HS4: 0.00035651215 | HT4: 0.00034681251 | HU4: 0.0003390681 | HV4: 0.00033246249 | HW4: 0.0003261417 | HX4: 0.00031932581 | HY4: 0.00031138324 | HZ4: 0.00030181293 | IA4: 0.0002903929 | IB4: 0.00027710004 | IC4: 0.00026213899 | ID4: 0.0002459108 | IE4: 0.00022895318 | IF4: 0.00021189694 | IG4: 0.00019545497 | IH4: 0.00018030711 | II4: 0.00016705603 | IJ4: 0.0001562387 | IK4: 0.00014823533 | IL4: 0.00014331789 | IM4: 0.00014158611 | IN4: 0.00014303683 | IO4: 0.0001475324 | IP4: 0.0001548904 | IQ4: 0.00016486337 | IR4: 0.00017713459 | IS4: 0.00019140578 | IT4: 0.00020738641 | IU4: 0.00022471271 | IV4: 0.00024307015 | IW4: 0.00026209997 | IX4: 0.00028138862 | IY4: 0.00030053807 | IZ4: 0.00031906888 | JA4: 0.00033643164 | JB4: 0.0003521002 | JC4: 0.00036549195 | JD4: 0.00037603717 | JE4: 0.00038325715 | JF4: 0.0003867518 | JG4: 0.00038621737 | JH4: 0.00038152673 | JI4: 0.00037274181 | JJ4: 0.00036013939 | JK4: 0.00034416518 | JL4: 0.00032545856 | JM4: 0.00030484472 | JN4: 0.00028323759 | JO4: 0.00026162254 | JP4: 0.0002410398 | JQ4: 0.00022246821 | JR4: 0.00020681504 | JS4: 0.00019480093 | JT4: 0.0001869516 | JU4: 0.00018358431 | JV4: 0.00018472401 | JW4: 0.00019017975 | JX4: 0.00019947557 | JY4: 0.00021196928 | JZ4: 0.00022682717 | KA4: 0.00024314108 | KB4: 0.00025997432 | KC4: 0.0002764512 | KD4: 0.00029182161 | KE4: 0.00030552353 | KF4: 0.00031721754 | KG4: 0.00032681644 | KH4: 0.00033446746 | KI4: 0.00034055462 | KJ4: 0.00034559252 | KK4: 0.00035023008 | KL4: 0.00035510501 | KM4: 0.00036079055 | KN4: 0.00036774109 | KO4: 0.00037624201 | KP4: 0.00038630509 | KQ4: 0.00039774896 | KR4: 0.00041020357 | KS4: 0.00042310881 | KT4: 0.00043583687 | KU4: 0.00044768957 | KV4: 0.00045804633 | KW4: 0.00046636988 | KX4: 0.00047223396 | KY4: 0.00047538454 | KZ4: 0.00047569582 | LA4: 0.00047324026 | LB4: 0.00046816201 | LC4: 0.00046073967 | LD4: 0.00045133462 | LE4: 0.00044030854 | LF4: 0.0004281065 | LG4: 0.00041522898 | LH4: 0.00040220725 | LI4: 0.00038965218 | LJ4: 0.00037825974 | LK4: 0.00036871923 | LL4: 0.00036180867 | LM4: 0.00035830146 | LN4: 0.0003588639 | LO4: 0.00036405586 | LP4: 0.00037421304 | LQ4: 0.00038944996 | LR4: 0.0004095359 | LS4: 0.00043394522 | LT4: 0.00046186418 | LU4: 0.00049215807 | LV4: 0.0005235198 | LW4: 0.00055452342 | LX4: 0.00058373527 | LY4: 0.00060973769 | LZ4: 0.00063132438 | MA4: 0.00064746872 | MB4: 0.00065747366 | MC4: 0.00066091358 | MD4: 0.00065764899 | ME4: 0.00064785958 | MF4: 0.00063191393 | MG4: 0.00061038557 | MH4: 0.00058394383 | MI4: 0.00055333418 | MJ4: 0.00051929725 | MK4: 0.00048251066 | ML4: 0.00044355808 | MM4: 0.00040291435 | MN4: 0.00036092215 | MO4: 0.00031785451 | MP4: 0.00027390277 | MQ4: 0.00022918271 | MR4: 0.00018378772 | MS4: 0.00013782468 | MT4: 9.1461726e-05 | MU4: 4.4882873e-05 | MV4: -1.6905095e-06 | MW4: -4.7991853e-05 | MX4: -9.3714477e-05 | MY4: -0.00013851284 | MZ4: -0.00018205965 | NA4: -0.00022406245 | NB4: -0.00026417093 | NC4: -0.00030206175 | ND4: -0.00033738299 | NE4: -0.00036975116 | NF4: -0.00039872774 | NG4: -0.00042378688 | NH4: -0.00044439247 | NI4: -0.00045997418 | NJ4: -0.00046998429 | NK4: -0.00047394814 | NL4: -0.00047153413 | NM4: -0.00046258972 | NN4: -0.00044721025 | NO4: -0.00042571153 | NP4: -0.00039868055 | NQ4: -0.00036691053 | NR4: -0.00033136334 | NS4: -0.00029311292 | NT4: -0.00025329149 | NU4: -0.00021298664 | NV4: -0.00017318659 | NW4: -0.00013471639 | NX4: -9.8231298e-05 | NY4: -6.4191786e-05 | NZ4: -3.2910874e-05 | OA4: -4.5329883e-06 | OB4: 2.089715e-05 | OC4: 4.3420021e-05 | OD4: 6.3067291e-05 | OE4: 7.984195e-05 | OF4: 9.3736332e-05 | OG4: 0.00010468338 | OH4: 0.00011258657 | OI4: 0.00011732648 | OJ4: 0.00011880215 | OK4: 0.00011693019 | OL4: 0.00011173285 | OM4: 0.00010332351 | ON4: 9.1944157e-05 | OO4: 7.7984826e-05 | OP4: 6.1921578e-05 | OQ4: 4.4384478e-05 | OR4: 2.6031854e-05 | OS4: 7.5897703e-06 | OT4: -1.0224993e-05 | OU4: -2.6775861e-05 | OV4: -4.1516606e-05 | OW4: -5.4014836e-05 | OX4: -6.4024985e-05 | OY4: -7.149178e-05 | OZ4: -7.6482975e-05 | PA4: -7.9236733e-05 | PB4: -8.0143815e-05 | PC4: -7.971044e-05 | PD4: -7.8463141e-05 | PE4: -7.6931649e-05 | PF4: -7.5600205e-05 | PG4: -7.4864123e-05 | PH4: -7.5008898e-05 | PI4: -7.6127107e-05 | PJ4: -7.8131335e-05 | PK4: -8.0774111e-05 | PL4: -8.3643508e-05 | PM4: -8.617431e-05 | PN4: -8.7708916e-05 | PO4: -8.7590612e-05 | PP4: -8.5215357e-05 | PQ4: -8.0083661e-05 | PR4: -7.1860271e-05 | PS4: -6.0452094e-05 | PT4: -4.6021355e-05 | PU4: -2.8970057e-05 | PV4: -9.9822025e-06 | PW4: 1.0030095e-05 | PX4: 2.9964774e-05 | PY4: 4.8616529e-05 | PZ4: 6.4754337e-05 | QA4: 7.7197581e-05 | QB4: 8.4874617e-05 | QC4: 8.6980133e-05 | QD4: 8.2911199e-05 | QE4: 7.2429175e-05 | QF4: 5.5580775e-05 | QG4: 3.2782514e-05 | QH4: 4.7240697e-06 | QI4: -2.7620932e-05 | QJ4: -6.3102025e-05 | QK4: -0.00010045632 | QL4: -0.00013838994 | QM4: -0.0001756082 | QN4: -0.00021103696 | QO4: -0.00024380448 | QP4: -0.00027331657 | QQ4: -0.00029928587 | QR4: -0.00032178242 | QS4: -0.00034115215 | QT4: -0.00035805 | QU4: -0.00037332844 | QV4: -0.00038794847 | QW4: -0.00040292243 | QX4: -0.00041917774 | QY4: -0.00043747958 | QZ4: -0.00045837948 | RA4: -0.00048214899 | RB4: -0.00050876644 | RC4: -0.00053789492 | RD4: -0.00056896451 | RE4: -0.00060120113 | RF4: -0.00063373259 | RG4: -0.00066565155 | RH4: -0.0006960637 | RI4: -0.00072421793 | RJ4: -0.00074950357 | RK4: -0.00077147802 | RL4: -0.00078988352 | RM4: -0.00080462958 | RN4: -0.00081577031 | RO4: -0.00082346748 | RP4: -0.00082791215 | RQ4: -0.00082928743 | RR4: -0.00082778404 | RS4: -0.0008235245 | RT4: -0.00081660774 | RU4: -0.00080709998 | RV4: -0.00079501953 | RW4: -0.00078042027 | RX4: -0.00076335698 | RY4: -0.00074397833 | RZ4: -0.00072249338 | SA4: -0.00069926518 | SB4: -0.00067474965 | SC4: -0.00064949098 | SD4: -0.0006241555 | SE4: -0.00059949572 | SF4: -0.00057626742 | SG4: -0.00055526187 | SH4: -0.00053722525 | SI4: -0.00052285903 | SJ4: -0.00051273222 | SK4: -0.0005072456 | SL4: -0.00050667876 | SM4: -0.00051106962 | SN4: -0.00052027372 | SO4: -0.0005338988 | SP4: -0.00055142383 | SQ4: -0.00057205171 | SR4: -0.00059490567 | SS4: -0.00061900719 | ST4: -0.00064334429 | SU4: -0.00066691492 | SV4: -0.00068882879 | SW4: -0.00070834036 | SX4: -0.00072490603 | SY4: -0.00073821715 | SZ4: -0.00074824553 | TA4: -0.00075520085 | TB4: -0.00075952124 | TC4: -0.0007617877 | TD4: -0.00076271899 | TE4: -0.00076309086 | TF4: -0.00076360259 | TG4: -0.00076486723 | TH4: -0.00076734679 | TI4: -0.00077132713 | TJ4: -0.00077686239 | TK4: -0.00078386655 | TL4: -0.00079207574 | TM4: -0.00080103816 | TN4: -0.00081027442 | TO4: -0.0008192056 | TP4: -0.00082725114 | TQ4: -0.00083384147 | TR4: -0.00083847016 | TS4: -0.00084067634 | TT4: -0.00084009013 | TU4: -0.00083643361 | TV4: -0.00082954925 | TW4: -0.00081935692 | TX4: -0.00080593564 | TY4: -0.00078945089 | TZ4: -0.00077021743 | UA4: -0.00074863126 | UB4: -0.00072521217 | UC4: -0.0007005271 | UD4: -0.00067518956 | UE4: -0.00064986453 | UF4: -0.00062521161 | UG4: -0.00060184225 | UH4: -0.00058030591 | UI4: -0.00056109101 | UJ4: -0.00054458436 | UK4: -0.00053109671 | UL4: -0.00052090545 | UM4: -0.00051415263 | UN4: -0.0005109268 | UO4: -0.00051127944 | UP4: -0.00051515918 | UQ4: -0.00052242536 | UR4: -0.00053285431 | US4: -0.00054610967 | UT4: -0.000561804 | UU4: -0.00057945048 | UV4: -0.0005984587 | UW4: -0.00061825528 | UX4: -0.00063822243 | UY4: -0.00065778896 | UZ4: -0.00067652474 | VA4: -0.00069404342 | VB4: -0.00071016341 | VC4: -0.00072485021 | VD4: -0.00073828282 | VE4: -0.00075078083 | VF4: -0.00076276895 | VG4: -0.0007747628 | VH4: -0.00078733113 | VI4: -0.00080095322 | VJ4: -0.00081607973 | VK4: -0.00083298436 | VL4: -0.00085183463 | VM4: -0.00087259021 | VN4: -0.00089507064 | VO4: -0.00091894867 | VP4: -0.00094379419 | VQ4: -0.00096905327 | VR4: -0.00099411722 | VS4: -0.0010183605 | VT4: -0.0010411418 | VU4: -0.0010618495 | VV4: -0.001079908 | VW4: -0.0010947377 | VX4: -0.0011058774 | VY4: -0.0011129166 | VZ4: -0.0011155258 | WA4: -0.0011134696 | WB4: -0.001106641 | WC4: -0.0010951183 | WD4: -0.0010791364 | WE4: -0.0010591041 | WF4: -0.0010356756 | WG4: -0.0010096551 | WH4: -0.00098202742 | WI4: -0.00095387971 | WJ4: -0.00092639716 | WK4: -0.0009007175 | WL4: -0.00087791416 | WM4: -0.00085886078 | WN4: -0.00084419087 | WO4: -0.0008342387 | WP4: -0.00082903416 | WQ4: -0.00082828199 | WR4: -0.00083141963 | WS4: -0.00083762414 | WT4: -0.00084593437 | WU4: -0.00085529613 | WV4: -0.00086473653 | WW4: -0.00087332036 | WX4: -0.00088035604 | WY4: -0.00088536426 | WZ4: -0.00088811717 | XA4: -0.00088862661 | XB4: -0.00088714648 | XC4: -0.0008840478 | XD4: -0.00087983596 | XE4: -0.0008750971 | XF4: -0.00087038442 | XG4: -0.00086623943 | XH4: -0.00086314217 | XI4: -0.00086152705 | XJ4: -0.00086174514 | XK4: -0.00086408234 | XL4: -0.00086878057 | XM4: -0.00087602478 | XN4: -0.00088596004 | XO4: -0.00089864396 | XP4: -0.00091410252 | XQ4: -0.00093220217 | XR4: -0.00095269271 | XS4: -0.0009751485 | XT4: -0.0009990139 | XU4: -0.0010235221 | XV4: -0.0010478186 | XW4: -0.0010708995 | XX4: -0.0010917547 | XY4: -0.0011093816 | XZ4: -0.0011228575 | YA4: -0.0011313598 | YB4: -0.0011342677 | YC4: -0.0011311756 | YD4: -0.0011218814 | YE4: -0.0011064273 | YF4: -0.0010850782 | YG4: -0.0010582872 | YH4: -0.0010267026 | YI4: -0.00099119958 | YJ4: -0.0009527954 | YK4: -0.00091266344 | YL4: -0.00087206439 | YM4: -0.00083239303 | YN4: -0.00079514398 | YO4: -0.00076181084 | YP4: -0.00073388166 | YQ4: -0.00071273714 | YR4: -0.00069959499 | YS4: -0.00069539051 | YT4: -0.00070071434 | YU4: -0.00071575988 | YV4: -0.00074026035 | YW4: -0.00077350011 | YX4: -0.00081428459 | YY4: -0.00086107258 | YZ4: -0.00091200783 | ZA4: -0.00096503142 | ZB4: -0.0010180476 | ZC4: -0.0010690292 | ZD4: -0.0011161563 | ZE4: -0.00115792 | ZF4: -0.0011931943 | ZG4: -0.0012212541 | ZH4: -0.0012418813 | ZI4: -0.0012552341 | ZJ4: -0.0012618704 | ZK4: -0.0012626609 | ZL4: -0.0012586664 | ZM4: -0.0012511039 | ZN4: -0.0012412203 | ZO4: -0.0012302068 | ZP4: -0.0012191578 | ZQ4: -0.0012090154 | ZR4: -0.0012004984 | ZS4: -0.0011941429 | ZT4: -0.0011902055 | ZU4: -0.00118872 | ZV4: -0.0011894973 | ZW4: -0.001192124 | ZX4: -0.001196076 | ZY4: -0.0012006452 | ZZ4: -0.0012050989 | AAA4: -0.001208734 | AAB4: -0.0012109624 | AAC4: -0.0012113069 | AAD4: -0.0012095267 | AAE4: -0.001205623 | AAF4: -0.0011999225 | AAG4: -0.001192985 | AAH4: -0.0011855915 | AAI4: -0.0011786772 | AAJ4: -0.0011732691 | AAK4: -0.0011703184 | AAL4: -0.0011706151 | AAM4: -0.0011747442 | AAN4: -0.0011829528 | AAO4: -0.0011951157 | AAP4: -0.0012107429 | AAQ4: -0.0012290095 | AAR4: -0.0012488274 | AAS4: -0.0012689238 | AAT4: -0.001288028 | AAU4: -0.0013049064 | AAV4: -0.0013185215 | AAW4: -0.0013281013 | AAX4: -0.0013332173 | AAY4: -0.0013338211 | AAZ4: -0.0013302346 | ABA4: -0.0013231292 | ABB4: -0.0013134173 | ABC4: -0.0013022487 | ABD4: -0.0012909138 | ABE4: -0.0012807331 | ABF4: -0.0012729987 | ABG4: -0.001268932 | ABH4: -0.0012695932 | ABI4: -0.0012758773 | ABJ4: -0.0012885019 | ABK4: -0.001307931 | ABL4: -0.0013344049 | ABM4: -0.0013679089 | ABN4: -0.0014082375 | ABO4: -0.0014549597 | ABP4: -0.0015073873 | ABQ4: -0.0015646556 | ABR4: -0.0016257261 | ABS4: -0.0016893937 | ABT4: -0.0017543693 | ABU4: -0.001819303 | ABV4: -0.0018828037 | ABW4: -0.0019435375 | ABX4: -0.0020002221 | ABY4: -0.0020517016 | ABZ4: -0.0020970025 | ACA4: -0.002135315 | ACB4: -0.0021660369 | ACC4: -0.0021887782 | ACD4: -0.0022033787 | ACE4: -0.0022098725 | ACF4: -0.0022085201 | ACG4: -0.0021997119 | ACH4: -0.0021840641 | ACI4: -0.0021622682 | ACJ4: -0.0021351439 | ACK4: -0.00210356 | ACL4: -0.002068534 | ACM4: -0.0020311143 | ACN4: -0.0019923823 | ACO4: -0.0019534312 | ACP4: -0.0019154343 | ACQ4: -0.0018795134 | ACR4: -0.0018467694 | ACS4: -0.0018182071 | ACT4: -0.0017946384 | ACU4: -0.0017767146 | ACV4: -0.0017648044 | ACW4: -0.0017589177 | ACX4: -0.0017587689 | ACY4: -0.0017636826 | ACZ4: -0.0017726792 | ADA4: -0.0017845217 | ADB4: -0.0017978181 | ADC4: -0.0018111119 | ADD4: -0.0018230593 | ADE4: -0.0018324963 | ADF4: -0.0018386327 | ADG4: -0.0018410492 | ADH4: -0.0018398284 | ADI4: -0.0018355191 | ADJ4: -0.0018290746 | ADK4: -0.0018218521 | ADL4: -0.0018153929 | ADM4: -0.0018113163 | ADN4: -0.0018111738 | ADO4: -0.001816284 | ADP4: -0.0018275874 | ADQ4: -0.0018455506 | ADR4: -0.001870092 | ADS4: -0.0019005445 | ADT4: -0.0019357016 | ADU4: -0.0019738722 | ADV4: -0.002012948 | ADW4: -0.0020505654 | ADX4: -0.0020843251 | ADY4: -0.0021119184 | ADZ4: -0.0021312932 | AEA4: -0.0021408603 | AEB4: -0.0021395644 | AEC4: -0.0021269983 | AED4: -0.0021034472 | AEE4: -0.0020698423 | AEF4: -0.0020276932 | AEG4: -0.0019789953 | AEH4: -0.0019260202 | AEI4: -0.0018711442 | AEJ4: -0.0018167119 | AEK4: -0.0017647925 | AEL4: -0.0017171097 | AEM4: -0.0016748684 | AEN4: -0.0016387473 | AEO4: -0.0016088492 | AEP4: -0.0015847946 | AEQ4: -0.0015657621 | AER4: -0.0015506693 | AES4: -0.001538217 | AET4: -0.0015270614 | AEU4: -0.0015159304 | AEV4: -0.001503758 | AEW4: -0.0014897143 | AEX4: -0.0014732578 | AEY4: -0.001454163 | AEZ4: -0.0014325318 | AFA4: -0.001408704 | AFB4: -0.0013832364 | AFC4: -0.0013569048 | AFD4: -0.0013305418 | AFE4: -0.0013049876 | AFF4: -0.0012811006 | AFG4: -0.0012596225 | AFH4: -0.0012411641 | AFI4: -0.0012261945 | AFJ4: -0.0012149878 | AFK4: -0.0012076352 | AFL4: -0.0012040096 | AFM4: -0.0012038109 | AFN4: -0.0012066279 | AFO4: -0.0012118381 | AFP4: -0.0012188059 | AFQ4: -0.0012267601 | AFR4: -0.0012349595 | AFS4: -0.0012426828 | AFT4: -0.0012492493 | AFU4: -0.001254036 | AFV4: -0.0012565466 | AFW4: -0.0012564116 | AFX4: -0.0012533268 | AFY4: -0.0012471553 | AFZ4: -0.0012378915 | AGA4: -0.0012256266 | AGB4: -0.0012105861 | AGC4: -0.0011931359 | AGD4: -0.001173724 | AGE4: -0.0011529196 | AGF4: -0.001131345 | AGG4: -0.0011096532 | AGH4: -0.0010885817 | AGI4: -0.0010688267 | AGJ4: -0.0010510769 | AGK4: -0.0010359842 | AGL4: -0.0010240628 | AGM4: -0.0010157162 | AGN4: -0.0010111979 | AGO4: -0.0010106103 | AGP4: -0.001013838 | AGQ4: -0.0010205978 | AGR4: -0.0010304509 | AGS4: -0.0010428188 | AGT4: -0.0010569964 | AGU4: -0.001072195 | AGV4: -0.0010875946 | AGW4: -0.0011024085 | AGX4: -0.0011159219 | AGY4: -0.0011275407 | AGZ4: -0.0011368356 | AHA4: -0.0011435444 | AHB4: -0.0011475853 | AHC4: -0.0011491142 | AHD4: -0.0011484237 | AHE4: -0.0011458899 | AHF4: -0.0011420169 | AHG4: -0.0011373649 | AHH4: -0.0011324059 | AHI4: -0.0011275776 | AHJ4: -0.0011232332 | AHK4: -0.001119595 | AHL4: -0.0011167359 | AHM4: -0.0011146401 | AHN4: -0.0011132147 | AHO4: -0.0011123446 | AHP4: -0.0011118664 | AHQ4: -0.0011116706
A5: 3.5 | B5: -0.096240633 | C5: -0.096100764 | D5: -0.095958753 | E5: -0.095815706 | F5: -0.095672918 | G5: -0.095531814 | H5: -0.09539377 | I5: -0.095260215 | J5: -0.095132489 | K5: -0.095011685 | L5: -0.094898661 | M5: -0.094793928 | N5: -0.094697663 | O5: -0.094609641 | P5: -0.094529312 | Q5: -0.094455797 | R5: -0.094388013 | S5: -0.094324728 | T5: -0.094264689 | U5: -0.094206682 | V5: -0.094149542 | W5: -0.094092346 | X5: -0.094034364 | Y5: -0.093975061 | Z5: -0.093914074 | AA5: -0.09385128 | AB5: -0.093786692 | AC5: -0.093720461 | AD5: -0.093652821 | AE5: -0.093584126 | AF5: -0.093514811 | AG5: -0.093445445 | AH5: -0.093376703 | AI5: -0.093309353 | AJ5: -0.093244246 | AK5: -0.093182285 | AL5: -0.093124379 | AM5: -0.093071348 | AN5: -0.093023898 | AO5: -0.092982537 | AP5: -0.092947516 | AQ5: -0.092918767 | AR5: -0.092895891 | AS5: -0.092878173 | AT5: -0.092864612 | AU5: -0.092853994 | AV5: -0.092844955 | AW5: -0.092836063 | AX5: -0.092825932 | AY5: -0.09281329 | AZ5: -0.092797026 | BA5: -0.092776278 | BB5: -0.092750439 | BC5: -0.09271915 | BD5: -0.092682277 | BE5: -0.092639943 | BF5: -0.092592479 | BG5: -0.09254032 | BH5: -0.09248407 | BI5: -0.092424351 | BJ5: -0.092361865 | BK5: -0.092297273 | BL5: -0.092231141 | BM5: -0.092163956 | BN5: -0.092096073 | BO5: -0.092027589 | BP5: -0.091958378 | BQ5: -0.091888098 | BR5: -0.091816133 | BS5: -0.091741626 | BT5: -0.091663585 | BU5: -0.091580902 | BV5: -0.091492497 | BW5: -0.091397353 | BX5: -0.091294701 | BY5: -0.09118407 | BZ5: -0.091065375 | CA5: -0.090938982 | CB5: -0.090805648 | CC5: -0.090666545 | CD5: -0.090523214 | CE5: -0.090377396 | CF5: -0.090230896 | CG5: -0.090085477 | CH5: -0.089942731 | CI5: -0.089803923 | CJ5: -0.089669883 | CK5: -0.08954097 | CL5: -0.089417079 | CM5: -0.089297576 | CN5: -0.089181445 | CO5: -0.089067267 | CP5: -0.088953384 | CQ5: -0.08883803 | CR5: -0.088719425 | CS5: -0.088595836 | CT5: -0.088465731 | CU5: -0.088327815 | CV5: -0.088181081 | CW5: -0.088024784 | CX5: -0.087858458 | CY5: -0.087681924 | CZ5: -0.087495142 | DA5: -0.087298238 | DB5: -0.087091378 | DC5: -0.086874748 | DD5: -0.08664848 | DE5: -0.086412629 | DF5: -0.086167132 | DG5: -0.085911769 | DH5: -0.085646268 | DI5: -0.085370198 | DJ5: -0.085083109 | DK5: -0.084784487 | DL5: -0.084473841 | DM5: -0.084150755 | DN5: -0.083814819 | DO5: -0.083465696 | DP5: -0.08310318 | DQ5: -0.082726997 | DR5: -0.082337006 | DS5: -0.081932974 | DT5: -0.081514626 | DU5: -0.081081587 | DV5: -0.080633309 | DW5: -0.080169071 | DX5: -0.079687976 | DY5: -0.079188879 | DZ5: -0.07867044 | EA5: -0.078131056 | EB5: -0.077568995 | EC5: -0.076982352 | ED5: -0.076369113 | EE5: -0.075727175 | EF5: -0.07505443 | EG5: -0.074348735 | EH5: -0.073607994 | EI5: -0.072830193 | EJ5: -0.072013395 | EK5: -0.071155778 | EL5: -0.07025556 | EM5: -0.069311091 | EN5: -0.068320797 | EO5: -0.067283105 | EP5: -0.066196514 | EQ5: -0.065059553 | ER5: -0.063870796 | ES5: -0.062628834 | ET5: -0.061332383 | EU5: -0.059980271 | EV5: -0.05857154 | EW5: -0.057105434 | EX5: -0.055581591 | EY5: -0.054000016 | EZ5: -0.052361198 | FA5: -0.050666208 | FB5: -0.048916784 | FC5: -0.047115262 | FD5: -0.045264776 | FE5: -0.043369226 | FF5: -0.041433314 | FG5: -0.039462557 | FH5: -0.037463268 | FI5: -0.035442617 | FJ5: -0.033408496 | FK5: -0.031369522 | FL5: -0.029334884 | FM5: -0.027314229 | FN5: -0.025317527 | FO5: -0.023354888 | FP5: -0.021436413 | FQ5: -0.019571812 | FR5: -0.017770387 | FS5: -0.016040707 | FT5: -0.014390441 | FU5: -0.01282619 | FV5: -0.011353329 | FW5: -0.0099759552 | FX5: -0.0086968193 | FY5: -0.0075172537 | FZ5: -0.0064373528 | GA5: -0.0054558809 | GB5: -0.0045704981 | GC5: -0.0037778693 | GD5: -0.0030737629 | GE5: -0.0024532434 | GF5: -0.001910815 | GG5: -0.0014406255 | GH5: -0.0010365933 | GI5: -0.00069251379 | GJ5: -0.00040221677 | GK5: -0.00015967897 | GL5: 4.0911711e-05 | GM5: 0.00020503197 | GN5: 0.00033780282 | GO5: 0.00044395607 | GP5: 0.00052770337 | GQ5: 0.00059284735 | GR5: 0.00064271938 | GS5: 0.00068019095 | GT5: 0.00070770435 | GU5: 0.00072728686 | GV5: 0.00074060614 | GW5: 0.00074896182 | GX5: 0.00075337607 | GY5: 0.00075460333 | GZ5: 0.00075323496 | HA5: 0.00074964543 | HB5: 0.00074404702 | HC5: 0.0007365746 | HD5: 0.00072728091 | HE5: 0.00071616866 | HF5: 0.00070324808 | HG5: 0.00068857531 | HH5: 0.00067223217 | HI5: 0.00065443158 | HJ5: 0.00063548337 | HK5: 0.00061581766 | HL5: 0.00059590891 | HM5: 0.00057637585 | HN5: 0.00055784658 | HO5: 0.0005409684 | HP5: 0.0005263123 | HQ5: 0.00051438225 | HR5: 0.00050548534 | HS5: 0.00049979032 | HT5: 0.00049722202 | HU5: 0.00049750368 | HV5: 0.00050014907 | HW5: 0.0005045331 | HX5: 0.00050990801 | HY5: 0.00051551568 | HZ5: 0.00052054972 | IA5: 0.00052432109 | IB5: 0.00052624252 | IC5: 0.0005258912 | ID5: 0.00052301884 | IE5: 0.00051755309 | IF5: 0.00050955021 | IG5: 0.00049927915 | IH5: 0.00048706926 | II5: 0.00047336843 | IJ5: 0.00045865745 | IK5: 0.00044341936 | IL5: 0.0004281743 | IM5: 0.00041338217 | IN5: 0.00039948893 | IO5: 0.00038688114 | IP5: 0.00037591543 | IQ5: 0.00036690507 | IR5: 0.00036005546 | IS5: 0.00035553977 | IT5: 0.0003534812 | IU5: 0.00035384212 | IV5: 0.00035656474 | IW5: 0.00036147616 | IX5: 0.00036828223 | IY5: 0.00037669146 | IZ5: 0.00038628455 | JA5: 0.00039657609 | JB5: 0.00040710152 | JC5: 0.00041734268 | JD5: 0.00042680342 | JE5: 0.00043505203 | JF5: 0.00044170006 | JG5: 0.00044642066 | JH5: 0.00044900433 | JI5: 0.00044932992 | JJ5: 0.00044743711 | JK5: 0.00044343282 | JL5: 0.0004375306 | JM5: 0.0004300928 | JN5: 0.00042150143 | JO5: 0.00041220218 | JP5: 0.00040266469 | JQ5: 0.000393358 | JR5: 0.00038470778 | JS5: 0.00037704369 | JT5: 0.00037058963 | JU5: 0.00036550589 | JV5: 0.00036178669 | JW5: 0.00035936338 | JX5: 0.00035804088 | JY5: 0.00035760533 | JZ5: 0.00035779148 | KA5: 0.00035839961 | KB5: 0.00035926209 | KC5: 0.00036033062 | KD5: 0.00036166725 | KE5: 0.00036351178 | KF5: 0.00036621278 | KG5: 0.00037026658 | KH5: 0.00037622952 | KI5: 0.00038469026 | KJ5: 0.00039618458 | KK5: 0.00041115829 | KL5: 0.00042985085 | KM5: 0.00045227027 | KN5: 0.0004781687 | KO5: 0.00050702523 | KP5: 0.00053800088 | KQ5: 0.00057009029 | KR5: 0.00060210573 | KS5: 0.00063279271 | KT5: 0.00066095709 | KU5: 0.00068549641 | KV5: 0.00070551259 | KW5: 0.00072039066 | KX5: 0.00072977556 | KY5: 0.00073361337 | KZ5: 0.00073208209 | LA5: 0.00072561765 | LB5: 0.00071479514 | LC5: 0.00070030996 | LD5: 0.00068296685 | LE5: 0.00066353233 | LF5: 0.00064283823 | LG5: 0.00062172985 | LH5: 0.00060101245 | LI5: 0.00058152932 | LJ5: 0.00056413595 | LK5: 0.00054962204 | LL5: 0.00053876001 | LM5: 0.00053222947 | LN5: 0.00053051695 | LO5: 0.00053392523 | LP5: 0.00054245593 | LQ5: 0.00055583097 | LR5: 0.0005734301 | LS5: 0.00059431705 | LT5: 0.00061733348 | LU5: 0.00064106285 | LV5: 0.00066399686 | LW5: 0.00068462466 | LX5: 0.00070151178 | LY5: 0.00071339936 | LZ5: 0.00071930574 | MA5: 0.00071855277 | MB5: 0.00071085666 | MC5: 0.00069627956 | MD5: 0.00067521367 | ME5: 0.00064841603 | MF5: 0.00061686137 | MG5: 0.00058173888 | MH5: 0.00054433335 | MI5: 0.00050593948 | MJ5: 0.00046780599 | MK5: 0.00043098436 | ML5: 0.0003963063 | MM5: 0.00036432225 | MN5: 0.00033525984 | MO5: 0.00030905351 | MP5: 0.00028536441 | MQ5: 0.00026359403 | MR5: 0.00024301375 | MS5: 0.00022278836 | MT5: 0.00020213037 | MU5: 0.0001802866 | MV5: 0.00015665875 | MW5: 0.00013080605 | MX5: 0.00010254513 | MY5: 7.1904757e-05 | MZ5: 3.9109361e-05 | NA5: 4.5683447e-06 | NB5: -3.1094326e-05 | NC5: -6.7160521e-05 | ND5: -0.00010276526 | NE5: -0.00013695485 | NF5: -0.00016872194 | NG5: -0.00019697442 | NH5: -0.00022063113 | NI5: -0.00023863671 | NJ5: -0.00025001592 | NK5: -0.00025396133 | NL5: -0.00024982235 | NM5: -0.00023723063 | NN5: -0.00021612629 | NO5: -0.0001867772 | NP5: -0.00014978715 | NQ5: -0.00010606635 | NR5: -5.6802583e-05 | NS5: -3.3963813e-06 | NT5: 5.2618056e-05 | NU5: 0.0001096706 | NV5: 0.00016623508 | NW5: 0.00022094275 | NX5: 0.00027258327 | NY5: 0.00032018756 | NZ5: 0.0003630296 | OA5: 0.00040063413 | OB5: 0.00043276761 | OC5: 0.00045940141 | OD5: 0.0004806393 | OE5: 0.00049665004 | OF5: 0.00050769447 | OG5: 0.00051407126 | OH5: 0.00051603221 | OI5: 0.00051384789 | OJ5: 0.00050778331 | OK5: 0.00049808481 | OL5: 0.00048504102 | OM5: 0.00046896978 | ON5: 0.00045026636 | OO5: 0.00042939093 | OP5: 0.00040687192 | OQ5: 0.00038338562 | OR5: 0.00035964978 | OS5: 0.00033645544 | OT5: 0.00031469862 | OU5: 0.0002952586 | OV5: 0.00027900518 | OW5: 0.00026678007 | OX5: 0.00025930559 | OY5: 0.00025712573 | OZ5: 0.00026063565 | PA5: 0.00026994383 | PB5: 0.00028487123 | PC5: 0.00030492366 | PD5: 0.00032936066 | PE5: 0.00035717259 | PF5: 0.00038716215 | PG5: 0.00041801029 | PH5: 0.00044836165 | PI5: 0.00047700447 | PJ5: 0.00050290989 | PK5: 0.00052532008 | PL5: 0.00054384444 | PM5: 0.00055849269 | PN5: 0.00056965108 | PO5: 0.00057800829 | PP5: 0.0005844871 | PQ5: 0.0005901489 | PR5: 0.00059606281 | PS5: 0.00060317528 | PT5: 0.00061220392 | PU5: 0.00062354453 | PV5: 0.00063720729 | PW5: 0.00065281152 | PX5: 0.00066956453 | PY5: 0.00068631767 | PZ5: 0.00070171235 | QA5: 0.00071421681 | QB5: 0.00072223674 | QC5: 0.00072431821 | QD5: 0.00071916554 | QE5: 0.00070584631 | QF5: 0.00068379338 | QG5: 0.00065297751 | QH5: 0.0006138188 | QI5: 0.00056725301 | QJ5: 0.00051463439 | QK5: 0.00045766792 | QL5: 0.0003982916 | QM5: 0.00033861511 | QN5: 0.00028063384 | QO5: 0.00022615338 | QP5: 0.00017662341 | QQ5: 0.00013310531 | QR5: 9.60819e-05 | QS5: 6.5529002e-05 | QT5: 4.0895107e-05 | QU5: 2.1190476e-05 | QV5: 5.1113321e-06 | QW5: -8.8489109e-06 | QX5: -2.2203223e-05 | QY5: -3.6345031e-05 | QZ5: -5.2444664e-05 | RA5: -7.1287133e-05 | RB5: -9.3263793e-05 | RC5: -0.00011833212 | RD5: -0.00014609023 | RE5: -0.0001758373 | RF5: -0.00020670879 | RG5: -0.00023774276 | RH5: -0.00026798553 | RI5: -0.00029664881 | RJ5: -0.00032313635 | RK5: -0.00034708143 | RL5: -0.00036835685 | RM5: -0.00038705273 | RN5: -0.00040342376 | RO5: -0.00041784047 | RP5: -0.00043067442 | RQ5: -0.00044223366 | RR5: -0.00045276754 | RS5: -0.00046237386 | RT5: -0.00047102775 | RU5: -0.00047856836 | RV5: -0.00048473171 | RW5: -0.0004892041 | RX5: -0.00049162305 | RY5: -0.00049166833 | RZ5: -0.00048908901 | SA5: -0.0004837697 | SB5: -0.00047570047 | SC5: -0.00046498068 | SD5: -0.00045184935 | SE5: -0.00043665549 | SF5: -0.00041979643 | SG5: -0.00040175391 | SH5: -0.00038301318 | SI5: -0.00036411626 | SJ5: -0.00034556449 | SK5: -0.00032780121 | SL5: -0.00031127456 | SM5: -0.00029637258 | SN5: -0.0002834418 | SO5: -0.00027275847 | SP5: -0.00026459418 | SQ5: -0.00025904532 | SR5: -0.00025620054 | SS5: -0.00025603714 | ST5: -0.00025845446 | SU5: -0.00026327226 | SV5: -0.00027027033 | SW5: -0.0002791727 | SX5: -0.00028971185 | SY5: -0.00030161939 | SZ5: -0.00031472791 | TA5: -0.000328906 | TB5: -0.00034410665 | TC5: -0.00036033305 | TD5: -0.00037765538 | TE5: -0.00039617172 | TF5: -0.0004159256 | TG5: -0.00043687903 | TH5: -0.00045890438 | TI5: -0.00048176157 | TJ5: -0.00050502452 | TK5: -0.00052816718 | TL5: -0.00055052999 | TM5: -0.00057128904 | TN5: -0.0005896199 | TO5: -0.0006046531 | TP5: -0.00061555694 | TQ5: -0.00062158391 | TR5: -0.00062211923 | TS5: -0.00061668009 | TT5: -0.0006049992 | TU5: -0.00058703917 | TV5: -0.00056297453 | TW5: -0.00053319258 | TX5: -0.00049831724 | TY5: -0.00045916397 | TZ5: -0.00041673878 | UA5: -0.00037215716 | UB5: -0.0003266256 | UC5: -0.00028138365 | UD5: -0.00023768513 | UE5: -0.00019674769 | UF5: -0.00015972408 | UG5: -0.0001277 | UH5: -0.00010163416 | UI5: -8.235636e-05 | UJ5: -7.0569823e-05 | UK5: -6.684512e-05 | UL5: -7.1601535e-05 | UM5: -8.5034155e-05 | UN5: -0.00010712793 | UO5: -0.00013762698 | UP5: -0.00017594534 | UQ5: -0.00022119219 | UR5: -0.00027211981 | US5: -0.00032716421 | UT5: -0.00038453445 | UU5: -0.00044225383 | UV5: -0.00049819865 | UW5: -0.00055037998 | UX5: -0.00059694055 | UY5: -0.00063636288 | UZ5: -0.00066760753 | VA5: -0.00069009611 | VB5: -0.00070388812 | VC5: -0.00070958456 | VD5: -0.00070832075 | VE5: -0.00070163268 | VF5: -0.00069135762 | VG5: -0.00067943315 | VH5: -0.0006678142 | VI5: -0.00065822432 | VJ5: -0.00065215478 | VK5: -0.00065065301 | VL5: -0.00065436055 | VM5: -0.00066342623 | VN5: -0.00067757994 | VO5: -0.00069616951 | VP5: -0.00071827264 | VQ5: -0.00074269244 | VR5: -0.00076810084 | VS5: -0.00079316032 | VT5: -0.00081652447 | VU5: -0.00083697608 | VV5: -0.00085343149 | VW5: -0.00086495537 | VX5: -0.00087087767 | VY5: -0.00087076608 | VZ5: -0.00086442891 | WA5: -0.00085194888 | WB5: -0.00083365471 | WC5: -0.00081015438 | WD5: -0.00078230591 | WE5: -0.00075114692 | WF5: -0.00071790071 | WG5: -0.00068388559 | WH5: -0.00065047991 | WI5: -0.00061902721 | WJ5: -0.0005907928 | WK5: -0.00056685822 | WL5: -0.00054806199 | WM5: -0.00053494337 | WN5: -0.00052770126 | WO5: -0.00052620064 | WP5: -0.00052997818 | WQ5: -0.00053829924 | WR5: -0.00055020958 | WS5: -0.00056456222 | WT5: -0.00058016862 | WU5: -0.00059585286 | WV5: -0.00061053961 | WW5: -0.00062323842 | WX5: -0.00063321504 | WY5: -0.00063991503 | WZ5: -0.00064299965 | XA5: -0.00064234991 | XB5: -0.00063801772 | XC5: -0.00063016514 | XD5: -0.00061910238 | XE5: -0.00060527933 | XF5: -0.00058919189 | XG5: -0.00057146404 | XH5: -0.00055279604 | XI5: -0.00053398592 | XJ5: -0.00051589007 | XK5: -0.00049942 | XL5: -0.00048554529 | XM5: -0.00047521005 | XN5: -0.0004693167 | XO5: -0.00046858934 | XP5: -0.00047363414 | XQ5: -0.00048472825 | XR5: -0.00050188004 | XS5: -0.00052471199 | XT5: -0.0005525258 | XU5: -0.00058424445 | XV5: -0.00061853755 | XW5: -0.00065377075 | XX5: -0.00068817677 | XY5: -0.0007198939 | XZ5: -0.0007471187 | YA5: -0.00076814681 | YB5: -0.00078151138 | YC5: -0.00078609276 | YD5: -0.00078111709 | YE5: -0.00076629052 | YF5: -0.00074177884 | YG5: -0.00070819981 | YH5: -0.00066662877 | YI5: -0.00061857436 | YJ5: -0.00056585464 | YK5: -0.00051056134 | YL5: -0.00045490234 | YM5: -0.0004011209 | YN5: -0.00035145178 | YO5: -0.00030790271 | YP5: -0.00027222889 | YQ5: -0.00024582567 | YR5: -0.00022970744 | YS5: -0.00022444273 | YT5: -0.00023012376 | YU5: -0.00024644321 | YV5: -0.00027265405 | YW5: -0.00030769436 | YX5: -0.00035015635 | YY5: -0.00039844729 | YZ5: -0.0004508094 | ZA5: -0.00050538959 | ZB5: -0.00056034861 | ZC5: -0.00061388863 | ZD5: -0.0006643244 | ZE5: -0.00071015984 | ZF5: -0.00075009146 | ZG5: -0.00078305893 | ZH5: -0.00080834497 | ZI5: -0.00082548678 | ZJ5: -0.00083441592 | ZK5: -0.00083540557 | ZL5: -0.00082907117 | ZM5: -0.00081638903 | ZN5: -0.00079861386 | ZO5: -0.00077722564 | ZP5: -0.00075388357 | ZQ5: -0.0007303351 | ZR5: -0.00070828862 | ZS5: -0.00068933569 | ZT5: -0.00067477117 | ZU5: -0.00066556723 | ZV5: -0.00066230192 | ZW5: -0.00066506522 | ZX5: -0.0006735403 | ZY5: -0.00068693344 | ZZ5: -0.00070412025 | AAA5: -0.00072370634 | AAB5: -0.00074423001 | AAC5: -0.00076418045 | AAD5: -0.00078217989 | AAE5: -0.00079706393 | AAF5: -0.00080803019 | AAG5: -0.00081462486 | AAH5: -0.00081676588 | AAI5: -0.00081471982 | AAJ5: -0.00080908065 | AAK5: -0.00080062292 | AAL5: -0.0007902124 | AAM5: -0.00077877376 | AAN5: -0.00076714165 | AAO5: -0.00075599155 | AAP5: -0.00074582956 | AAQ5: -0.00073696703 | AAR5: -0.00072953508 | AAS5: -0.00072350535 | AAT5: -0.00071879954 | AAU5: -0.00071527505 | AAV5: -0.00071283232 | AAW5: -0.00071142822 | AAX5: -0.00071115323 | AAY5: -0.00071220119 | AAZ5: -0.00071486136 | ABA5: -0.00071949639 | ABB5: -0.00072645124 | ABC5: -0.00073608067 | ABD5: -0.00074865619 | ABE5: -0.00076430643 | ABF5: -0.00078301868 | ABG5: -0.00080464624 | ABH5: -0.0008288732 | ABI5: -0.00085527654 | ABJ5: -0.0008833513 | ABK5: -0.00091252361 | ABL5: -0.00094220164 | ABM5: -0.00097180739 | ABN5: -0.0010008314 | ABO5: -0.0010288555 | ABP5: -0.0010554806 | ABQ5: -0.0010804178 | ABR5: -0.0011034351 | ABS5: -0.0011243238 | ABT5: -0.001142979 | ABU5: -0.0011593017 | ABV5: -0.0011731678 | ABW5: -0.0011845066 | ABX5: -0.0011932377 | ABY5: -0.0011992835 | ABZ5: -0.0012025981 | ACA5: -0.0012031468 | ACB5: -0.0012009052 | ACC5: -0.0011959079 | ACD5: -0.0011882373 | ACE5: -0.0011780226 | ACF5: -0.0011654726 | ACG5: -0.0011508097 | ACH5: -0.0011344046 | ACI5: -0.0011166289 | ACJ5: -0.0010979089 | ACK5: -0.0010786947 | ACL5: -0.00105956 | ACM5: -0.0010411306 | ACN5: -0.0010240566 | ACO5: -0.0010090592 | ACP5: -0.00099691182 | ACQ5: -0.00098843372 | ACR5: -0.00098442963 | ACS5: -0.00098566266 | ACT5: -0.00099274819 | ACU5: -0.0010061726 | ACV5: -0.0010261357 | ACW5: -0.0010524877 | ACX5: -0.0010847606 | ACY5: -0.0011220729 | ACZ5: -0.0011631684 | ADA5: -0.0012065173 | ADB5: -0.0012503598 | ADC5: -0.0012928671 | ADD5: -0.0013322656 | ADE5: -0.0013669666 | ADF5: -0.0013957411 | ADG5: -0.0014177572 | ADH5: -0.0014327032 | ADI5: -0.001440795 | ADJ5: -0.0014426758 | ADK5: -0.0014394432 | ADL5: -0.0014324012 | ADM5: -0.0014230056 | ADN5: -0.0014126996 | ADO5: -0.0014027781 | ADP5: -0.0013942488 | ADQ5: -0.0013877752 | ADR5: -0.0013836178 | ADS5: -0.0013816418 | ADT5: -0.0013813136 | ADU5: -0.0013818337 | ADV5: -0.0013821229 | ADW5: -0.0013809905 | ADX5: -0.0013772502 | ADY5: -0.0013698586 | ADZ5: -0.0013579472 | AEA5: -0.0013410197 | AEB5: -0.0013189346 | AEC5: -0.0012919894 | AED5: -0.0012609498 | AEE5: -0.0012270248 | AEF5: -0.0011917633 | AEG5: -0.0011569932 | AEH5: -0.0011246468 | AEI5: -0.0010966353 | AEJ5: -0.0010746786 | AEK5: -0.0010601401 | AEL5: -0.0010538948 | AEM5: -0.0010562113 | AEN5: -0.0010667087 | AEO5: -0.0010843702 | AEP5: -0.0011075853 | AEQ5: -0.0011342521 | AER5: -0.0011620068 | AES5: -0.0011883576 | AET5: -0.0012108401 | AEU5: -0.0012272821 | AEV5: -0.0012359394 | AEW5: -0.0012356133 | AEX5: -0.0012257024 | AEY5: -0.0012062817 | AEZ5: -0.0011780268 | AFA5: -0.0011421619 | AFB5: -0.0011003196 | AFC5: -0.0010545004 | AFD5: -0.0010068062 | AFE5: -0.00095934626 | AFF5: -0.00091413022 | AFG5: -0.0008728843 | AFH5: -0.00083697619 | AFI5: -0.00080741131 | AFJ5: -0.00078472135 | AFK5: -0.0007690291 | AFL5: -0.00075998691 | AFM5: -0.00075694562 | AFN5: -0.0007589689 | AFO5: -0.00076487736 | AFP5: -0.0007734221 | AFQ5: -0.00078328388 | AFR5: -0.00079325065 | AFS5: -0.000802246 | AFT5: -0.0008093548 | AFU5: -0.00081390297 | AFV5: -0.00081544274 | AFW5: -0.00081381245 | AFX5: -0.00080900734 | AFY5: -0.00080128716 | AFZ5: -0.00079106213 | AGA5: -0.00077884261 | AGB5: -0.00076524124 | AGC5: -0.0007509414 | AGD5: -0.00073658133 | AGE5: -0.00072279915 | AGF5: -0.00071012488 | AGG5: -0.00069896612 | AGH5: -0.00068959595 | AGI5: -0.00068215763 | AGJ5: -0.00067660079 | AGK5: -0.00067276183 | AGL5: -0.00067027144 | AGM5: -0.00066869433 | AGN5: -0.00066746498 | AGO5: -0.00066599136 | AGP5: -0.00066367408 | AGQ5: -0.00065993038 | AGR5: -0.00065428343 | AGS5: -0.00064637197 | AGT5: -0.00063598102 | AGU5: -0.00062301479 | AGV5: -0.00060753238 | AGW5: -0.00058976212 | AGX5: -0.0005700368 | AGY5: -0.00054881782 | AGZ5: -0.00052661838 | AHA5: -0.00050399656 | AHB5: -0.00048147326 | AHC5: -0.00045960801 | AHD5: -0.00043887219 | AHE5: -0.00041962301 | AHF5: -0.00040218816 | AHG5: -0.00038679696 | AHH5: -0.00037352664 | AHI5: -0.00036237193 | AHJ5: -0.00035325418 | AHK5: -0.00034603816 | AHL5: -0.00034049105 | AHM5: -0.000336373 | AHN5: -0.0003334405 | AHO5: -0.00033147113 | AHP5: -0.00033028059 | AHQ5: -0.00032973276
A6: 5 | B6: -0.096499312 | C6: -0.096373583 | D6: -0.096247863 | E6: -0.096123733 | F6: -0.096002787 | G6: -0.095886547 | H6: -0.095776321 | I6: -0.095673248 | J6: -0.095578182 | K6: -0.095491601 | L6: -0.095413637 | M6: -0.095344017 | N6: -0.095282141 | O6: -0.095227073 | P6: -0.095177626 | Q6: -0.095132401 | R6: -0.095089956 | S6: -0.095048858 | T6: -0.095007794 | U6: -0.094965636 | V6: -0.094921411 | W6: -0.094874473 | X6: -0.094824423 | Y6: -0.094771087 | Z6: -0.094714457 | AA6: -0.094654722 | AB6: -0.094592141 | AC6: -0.094527025 | AD6: -0.094459712 | AE6: -0.09439054 | AF6: -0.094319879 | AG6: -0.094248155 | AH6: -0.094175894 | AI6: -0.094103701 | AJ6: -0.094032316 | AK6: -0.093962614 | AL6: -0.093895596 | AM6: -0.09383231 | AN6: -0.093773821 | AO6: -0.093721146 | AP6: -0.09367512 | AQ6: -0.093636341 | AR6: -0.093605093 | AS6: -0.093581279 | AT6: -0.093564407 | AU6: -0.093553581 | AV6: -0.093547579 | AW6: -0.093544858 | AX6: -0.093543676 | AY6: -0.093542163 | AZ6: -0.093538442 | BA6: -0.093530751 | BB6: -0.093517549 | BC6: -0.09349756 | BD6: -0.093469839 | BE6: -0.093433873 | BF6: -0.093389603 | BG6: -0.093337312 | BH6: -0.093277718 | BI6: -0.093211811 | BJ6: -0.093140895 | BK6: -0.093066385 | BL6: -0.092989736 | BM6: -0.092912374 | BN6: -0.09283561 | BO6: -0.092760485 | BP6: -0.09268777 | BQ6: -0.092617923 | BR6: -0.092551071 | BS6: -0.09248699 | BT6: -0.092425218 | BU6: -0.092365075 | BV6: -0.092305789 | BW6: -0.092246518 | BX6: -0.09218651 | BY6: -0.092125194 | BZ6: -0.092062201 | CA6: -0.091997448 | CB6: -0.091931159 | CC6: -0.091863877 | CD6: -0.091796458 | CE6: -0.091729993 | CF6: -0.091665716 | CG6: -0.091604963 | CH6: -0.091549069 | CI6: -0.091499274 | CJ6: -0.091456598 | CK6: -0.091421813 | CL6: -0.091395417 | CM6: -0.091377481 | CN6: -0.091367807 | CO6: -0.091365811 | CP6: -0.091370592 | CQ6: -0.091381045 | CR6: -0.091395904 | CS6: -0.091413769 | CT6: -0.09143323 | CU6: -0.091452922 | CV6: -0.091471586 | CW6: -0.091488071 | CX6: -0.091501384 | CY6: -0.091510758 | CZ6: -0.09151551 | DA6: -0.091515121 | DB6: -0.091509175 | DC6: -0.091497353 | DD6: -0.091479406 | DE6: -0.091455127 | DF6: -0.091424339 | DG6: -0.091386886 | DH6: -0.091342739 | DI6: -0.091291872 | DJ6: -0.091234408 | DK6: -0.091170537 | DL6: -0.091100615 | DM6: -0.091025193 | DN6: -0.090944909 | DO6: -0.090860554 | DP6: -0.090773073 | DQ6: -0.090683402 | DR6: -0.090592582 | DS6: -0.090501536 | DT6: -0.090411073 | DU6: -0.090321835 | DV6: -0.09023421 | DW6: -0.090148265 | DX6: -0.090063762 | DY6: -0.089980132 | DZ6: -0.089896504 | EA6: -0.089811694 | EB6: -0.089724362 | EC6: -0.089633022 | ED6: -0.089536208 | EE6: -0.089432471 | EF6: -0.089320579 | EG6: -0.089199506 | EH6: -0.08906852 | EI6: -0.088927253 | EJ6: -0.088775654 | EK6: -0.088613985 | EL6: -0.08844272 | EM6: -0.088262578 | EN6: -0.088074398 | EO6: -0.087879022 | EP6: -0.087677294 | EQ6: -0.08746999 | ER6: -0.087257777 | ES6: -0.087041164 | ET6: -0.086820564 | EU6: -0.086596259 | EV6: -0.08636848 | EW6: -0.086137332 | EX6: -0.085902924 | EY6: -0.085665352 | EZ6: -0.085424663 | FA6: -0.085180906 | FB6: -0.084934148 | FC6: -0.084684331 | FD6: -0.084431346 | FE6: -0.084174987 | FF6: -0.083914894 | FG6: -0.083650564 | FH6: -0.083381299 | FI6: -0.083106291 | FJ6: -0.082824554 | FK6: -0.082534983 | FL6: -0.082236324 | FM6: -0.081927237 | FN6: -0.081606321 | FO6: -0.081272134 | FP6: -0.08092328 | FQ6: -0.080558281 | FR6: -0.080175827 | FS6: -0.079774645 | FT6: -0.079353619 | FU6: -0.078911776 | FV6: -0.078448311 | FW6: -0.077962643 | FX6: -0.077454388 | FY6: -0.076923317 | FZ6: -0.076369406 | GA6: -0.075792685 | GB6: -0.075193246 | GC6: -0.074571176 | GD6: -0.073926403 | GE6: -0.073258659 | GF6: -0.072567416 | GG6: -0.071851831 | GH6: -0.071110691 | GI6: -0.070342412 | GJ6: -0.069545067 | GK6: -0.068716433 | GL6: -0.067854014 | GM6: -0.066955161 | GN6: -0.066017166 | GO6: -0.065037279 | GP6: -0.064012863 | GQ6: -0.062941379 | GR6: -0.061820487 | GS6: -0.060648071 | GT6: -0.05942228 | GU6: -0.058141532 | GV6: -0.056804536 | GW6: -0.055410397 | GX6: -0.053958572 | GY6: -0.052448972 | GZ6: -0.050881971 | HA6: -0.049258542 | HB6: -0.047580324 | HC6: -0.04584963 | HD6: -0.044069572 | HE6: -0.04224408 | HF6: -0.040377922 | HG6: -0.038476715 | HH6: -0.036546933 | HI6: -0.034595777 | HJ6: -0.03263121 | HK6: -0.030661817 | HL6: -0.028696747 | HM6: -0.026745549 | HN6: -0.024818062 | HO6: -0.02292422 | HP6: -0.021073929 | HQ6: -0.019276844 | HR6: -0.017542218 | HS6: -0.015878618 | HT6: -0.014293813 | HU6: -0.012794538 | HV6: -0.011386338 | HW6: -0.010073401 | HX6: -0.0088584897 | HY6: -0.0077428212 | HZ6: -0.0067261876 | IA6: -0.0058068797 | IB6: -0.0049819212 | IC6: -0.0042471419 | ID6: -0.003597421 | IE6: -0.0030268886 | IF6: -0.0025292142 | IG6: -0.0020977416 | IH6: -0.001725813 | II6: -0.0014068872 | IJ6: -0.0011347088 | IK6: -0.00090344379 | IL6: -0.00070767208 | IM6: -0.0005424939 | IN6: -0.0004034858 | IO6: -0.00028670127 | IP6: -0.00018859453 | IQ6: -0.00010600478 | IR6: -3.6137625e-05 | IS6: 2.3520548e-05 | IT6: 7.5187892e-05 | IU6: 0.00012072697 | IV6: 0.00016178118 | IW6: 0.00019966548 | IX6: 0.00023536959 | IY6: 0.00026961517 | IZ6: 0.00030277153 | JA6: 0.00033489847 | JB6: 0.00036583139 | JC6: 0.00039513306 | JD6: 0.00042216555 | JE6: 0.00044622136 | JF6: 0.00046654112 | JG6: 0.00048239524 | JH6: 0.00049319285 | JI6: 0.00049854426 | JJ6: 0.00049835032 | JK6: 0.00049277435 | JL6: 0.00048229401 | JM6: 0.00046773188 | JN6: 0.00045010494 | JO6: 0.0004306409 | JP6: 0.00041068559 | JQ6: 0.00039157809 | JR6: 0.00037455644 | JS6: 0.00036066076 | JT6: 0.000350685 | JU6: 0.00034512185 | JV6: 0.00034411473 | JW6: 0.00034749239 | JX6: 0.00035474962 | JY6: 0.00036519201 | JZ6: 0.00037793309 | KA6: 0.00039202982 | KB6: 0.00040651864 | KC6: 0.00042055616 | KD6: 0.00043345132 | KE6: 0.00044475263 | KF6: 0.00045426924 | KG6: 0.00046210629 | KH6: 0.00046860381 | KI6: 0.00047437103 | KJ6: 0.00048015712 | KK6: 0.0004868359 | KL6: 0.00049522235 | KM6: 0.00050602748 | KN6: 0.00051976936 | KO6: 0.00053668818 | KP6: 0.00055661624 | KQ6: 0.00057910123 | KR6: 0.00060331464 | KS6: 0.00062813055 | KT6: 0.00065224826 | KU6: 0.00067422787 | KV6: 0.00069267332 | KW6: 0.00070632615 | KX6: 0.00071415188 | KY6: 0.00071541316 | KZ6: 0.00070970635 | LA6: 0.0006970224 | LB6: 0.00067770292 | LC6: 0.00065242749 | LD6: 0.00062217753 | LE6: 0.00058810014 | LF6: 0.00055153999 | LG6: 0.00051394427 | LH6: 0.00047677418 | LI6: 0.00044149583 | LJ6: 0.00040950508 | LK6: 0.00038203428 | LL6: 0.00036016074 | LM6: 0.00034475455 | LN6: 0.00033636165 | LO6: 0.00033521667 | LP6: 0.00034116374 | LQ6: 0.00035373951 | LR6: 0.00037208461 | LS6: 0.00039503536 | LT6: 0.00042120388 | LU6: 0.00044900997 | LV6: 0.0004768102 | LW6: 0.00050300658 | LX6: 0.00052614555 | LY6: 0.00054496702 | LZ6: 0.00055853763 | MA6: 0.00056621178 | MB6: 0.00056775605 | MC6: 0.00056318924 | MD6: 0.00055282654 | ME6: 0.00053725052 | MF6: 0.00051716682 | MG6: 0.00049338096 | MH6: 0.00046670656 | MI6: 0.00043789566 | MJ6: 0.00040761662 | MK6: 0.00037635878 | ML6: 0.00034446035 | MM6: 0.0003120759 | MN6: 0.00027919236 | MO6: 0.00024567892 | MP6: 0.000211351 | MQ6: 0.00017597268 | MR6: 0.00013936178 | MS6: 0.00010140229 | MT6: 6.2156393e-05 | MU6: 2.1812961e-05 | MV6: -1.9275382e-05 | MW6: -6.0616822e-05 | MX6: -0.00010155195 | MY6: -0.00014133712 | MZ6: -0.00017922162 | NA6: -0.00021448 | NB6: -0.00024640257 | NC6: -0.00027438942 | ND6: -0.00029793848 | NE6: -0.00031666049 | NF6: -0.00033025102 | NG6: -0.00033845922 | NH6: -0.00034110138 | NI6: -0.00033801719 | NJ6: -0.00032907276 | NK6: -0.00031417881 | NL6: -0.00029327524 | NM6: -0.00026637553 | NN6: -0.0002335926 | NO6: -0.00019514625 | NP6: -0.00015139517 | NQ6: -0.0001028223 | NR6: -5.0058021e-05 | NS6: 6.1616469e-06 | NT6: 6.4990264e-05 | NU6: 0.00012553216 | NV6: 0.00018685547 | NW6: 0.00024806407 | NX6: 0.00030830467 | NY6: 0.00036675696 | NZ6: 0.00042265045 | OA6: 0.00047532314 | OB6: 0.00052418716 | OC6: 0.00056875631 | OD6: 0.00060858533 | OE6: 0.00064327761 | OF6: 0.00067253158 | OG6: 0.00069607977 | OH6: 0.00071372501 | OI6: 0.00072534664 | OJ6: 0.00073091054 | OK6: 0.00073046319 | OL6: 0.00072420567 | OM6: 0.00071243279 | ON6: 0.00069560094 | OO6: 0.00067430513 | OP6: 0.00064924585 | OQ6: 0.00062131034 | OR6: 0.00059144432 | OS6: 0.00056068717 | OT6: 0.00053015256 | OU6: 0.00050093891 | OV6: 0.00047415031 | OW6: 0.0004508394 | OX6: 0.00043192917 | OY6: 0.00041816928 | OZ6: 0.00041018359 | PA6: 0.00040831371 | PB6: 0.00041266224 | PC6: 0.00042302265 | PD6: 0.00043895709 | PE6: 0.00045977448 | PF6: 0.00048459055 | PG6: 0.00051234622 | PH6: 0.0005419024 | PI6: 0.00057214663 | PJ6: 0.00060207696 | PK6: 0.00063083582 | PL6: 0.00065781157 | PM6: 0.00068268606 | PN6: 0.00070543506 | PO6: 0.00072626168 | PP6: 0.00074556701 | PQ6: 0.00076387242 | PR6: 0.00078172734 | PS6: 0.00079959596 | PT6: 0.00081775875 | PU6: 0.00083628438 | PV6: 0.00085493274 | PW6: 0.00087314779 | PX6: 0.00089007465 | PY6: 0.00090459575 | PZ6: 0.0009154737 | QA6: 0.00092138202 | QB6: 0.00092101392 | QC6: 0.00091327168 | QD6: 0.00089726302 | QE6: 0.00087249501 | QF6: 0.00083886984 | QG6: 0.00079680163 | QH6: 0.00074712786 | QI6: 0.0006911349 | QJ6: 0.00063045164 | QK6: 0.00056697378 | QL6: 0.00050271206 | QM6: 0.00043971664 | QN6: 0.00037985431 | QO6: 0.00032468239 | QP6: 0.00027535979 | QQ6: 0.00023258839 | QR6: 0.00019651257 | QS6: 0.00016678264 | QT6: 0.00014255424 | QU6: 0.00012261012 | QV6: 0.00010552487 | QW6: 8.9711836e-05 | QX6: 7.3696262e-05 | QY6: 5.6198888e-05 | QZ6: 3.6226554e-05 | RA6: 1.3219944e-05 | RB6: -1.2954956e-05 | RC6: -4.1983324e-05 | RD6: -7.3177677e-05 | RE6: -0.00010555776 | RF6: -0.00013797254 | RG6: -0.00016919272 | RH6: -0.00019802479 | RI6: -0.00022346022 | RJ6: -0.00024470314 | RK6: -0.00026124336 | RL6: -0.00027285297 | RM6: -0.00027959906 | RN6: -0.00028177396 | RO6: -0.0002798836 | RP6: -0.00027448868 | RQ6: -0.00026617631 | RR6: -0.00025553688 | RS6: -0.00024306566 | RT6: -0.00022918283 | RU6: -0.00021421612 | RV6: -0.00019837973 | RW6: -0.00018185112 | RX6: -0.00016472768 | RY6: -0.00014713734 | RZ6: -0.00012919483 | SA6: -0.00011112723 | SB6: -9.3171905e-05 | SC6: -7.5600258e-05 | SD6: -5.875296e-05 | SE6: -4.2992365e-05 | SF6: -2.8631679e-05 | SG6: -1.5993878e-05 | SH6: -5.310086e-06 | SI6: 3.2006717e-06 | SJ6: 9.4462651e-06 | SK6: 1.3415765e-05 | SL6: 1.518345e-05 | SM6: 1.4910825e-05 | SN6: 1.2834065e-05 | SO6: 9.2798156e-06 | SP6: 4.563235e-06 | SQ6: -8.3149212e-07 | SR6: -6.4674424e-06 | SS6: -1.1896734e-05 | ST6: -1.6702525e-05 | SU6: -2.0503122e-05 | SV6: -2.3018769e-05 | SW6: -2.4109194e-05 | SX6: -2.3756107e-05 | SY6: -2.2097991e-05 | SZ6: -1.9476833e-05 | TA6: -1.6343501e-05 | TB6: -1.3261394e-05 | TC6: -1.084564e-05 | TD6: -9.7114303e-06 | TE6: -1.0474865e-05 | TF6: -1.3604543e-05 | TG6: -1.9437283e-05 | TH6: -2.813211e-05 | TI6: -3.9709413e-05 | TJ6: -5.3977264e-05 | TK6: -7.0647274e-05 | TL6: -8.9299096e-05 | TM6: -0.00010940166 | TN6: -0.00013039473 | TO6: -0.00015168464 | TP6: -0.00017266705 | TQ6: -0.00019275993 | TR6: -0.00021138959 | TS6: -0.00022799089 | TT6: -0.0002420335 | TU6: -0.00025304212 | TV6: -0.00026058062 | TW6: -0.0002642976 | TX6: -0.00026393352 | TY6: -0.00025937125 | TZ6: -0.00025066034 | UA6: -0.00023800469 | UB6: -0.00022181713 | UC6: -0.00020265214 | UD6: -0.00018124196 | UE6: -0.00015847455 | UF6: -0.00013535633 | UG6: -0.00011296828 | UH6: -9.2375287e-05 | UI6: -7.4644328e-05 | UJ6: -6.0761674e-05 | UK6: -5.1625087e-05 | UL6: -4.8019711e-05 | UM6: -5.0503747e-05 | UN6: -5.9437442e-05 | UO6: -7.4960889e-05 | UP6: -9.6909909e-05 | UQ6: -0.00012485418 | UR6: -0.0001580487 | US6: -0.00019545613 | UT6: -0.00023581711 | UU6: -0.00027771624 | UV6: -0.00031954552 | UW6: -0.00035976666 | UX6: -0.00039689303 | UY6: -0.00042964704 | UZ6: -0.00045713666 | VA6: -0.00047878554 | VB6: -0.00049453945 | VC6: -0.00050480094 | VD6: -0.00051044479 | VE6: -0.00051271886 | VF6: -0.00051313371 | VG6: -0.00051332642 | VH6: -0.00051497397 | VI6: -0.00051952026 | VJ6: -0.00052817152 | VK6: -0.00054168493 | VL6: -0.00056037702 | VM6: -0.00058405207 | VN6: -0.00061204649 | VO6: -0.0006432819 | VP6: -0.00067640466 | VQ6: -0.00070983363 | VR6: -0.00074188972 | VS6: -0.00077095761 | VT6: -0.00079554789 | VU6: -0.0008144394 | VV6: -0.00082668375 | VW6: -0.00083164118 | VX6: -0.00082906941 | VY6: -0.00081905931 | VZ6: -0.00080198648 | WA6: -0.00077855551 | WB6: -0.00074966681 | WC6: -0.00071645499 | WD6: -0.00068020066 | WE6: -0.0006422474 | WF6: -0.00060400432 | WG6: -0.00056684345 | WH6: -0.00053205663 | WI6: -0.00050080912 | WJ6: -0.00047410223 | WK6: -0.00045268186 | WL6: -0.00043705649 | WM6: -0.0004274321 | WN6: -0.00042371293 | WO6: -0.00042552402 | WP6: -0.00043226355 | WQ6: -0.00044314376 | WR6: -0.00045726243 | WS6: -0.0004736199 | WT6: -0.00049126128 | WU6: -0.0005093024 | WV6: -0.00052702681 | WW6: -0.00054382318 | WX6: -0.00055931852 | WY6: -0.00057330217 | WZ6: -0.00058571593 | XA6: -0.00059663173 | XB6: -0.0006062046 | XC6: -0.00061455818 | XD6: -0.00062182656 | XE6: -0.00062814958 | XF6: -0.00063359819 | XG6: -0.00063826293 | XH6: -0.00064225848 | XI6: -0.0006457513 | XJ6: -0.00064900038 | XK6: -0.00065235677 | XL6: -0.0006563276 | XM6: -0.00066153463 | XN6: -0.00066869967 | XO6: -0.00067853029 | XP6: -0.00069176829 | XQ6: -0.00070897318 | XR6: -0.00073055549 | XS6: -0.00075664747 | XT6: -0.00078712897 | XU6: -0.00082153748 | XV6: -0.00085917471 | XW6: -0.00089902369 | XX6: -0.00093989104 | XY6: -0.00098044465 | XZ6: -0.0010192919 | YA6: -0.0010550384 | YB6: -0.0010863885 | YC6: -0.0011122283 | YD6: -0.0011316001 | YE6: -0.0011438661 | YF6: -0.0011486536 | YG6: -0.0011458662 | YH6: -0.001135741 | YI6: -0.0011189135 | YJ6: -0.0010962636 | YK6: -0.0010690014 | YL6: -0.0010385201 | YM6: -0.0010064119 | YN6: -0.00097442858 | YO6: -0.00094430735 | YP6: -0.00091774958 | YQ6: -0.00089628604 | YR6: -0.00088121069 | YS6: -0.00087349661 | YT6: -0.00087372891 | YU6: -0.00088208096 | YV6: -0.00089827667 | YW6: -0.000921655 | YX6: -0.00095112896 | YY6: -0.00098532671 | YZ6: -0.0010226289 | ZA6: -0.0010612668 | ZB6: -0.0010994329 | ZC6: -0.0011353986 | ZD6: -0.0011675585 | ZE6: -0.0011945846 | ZF6: -0.0012154327 | ZG6: -0.0012293639 | ZH6: -0.001236051 | ZI6: -0.0012354739 | ZJ6: -0.0012279769 | ZK6: -0.0012142152 | ZL6: -0.0011950886 | ZM6: -0.0011717067 | ZN6: -0.0011452938 | ZO6: -0.001117158 | ZP6: -0.0010885979 | ZQ6: -0.0010608862 | ZR6: -0.0010351856 | ZS6: -0.0010125146 | ZT6: -0.00099363537 | ZU6: -0.00097907721 | ZV6: -0.00096911886 | ZW6: -0.00096371645 | ZX6: -0.00096262979 | ZY6: -0.00096532706 | ZZ6: -0.00097112355 | AAA6: -0.00097921606 | AAB6: -0.00098879432 | AAC6: -0.00099907338 | AAD6: -0.0010093895 | AAE6: -0.0010192288 | AAF6: -0.0010283613 | AAG6: -0.0010367832 | AAH6: -0.001044679 | AAI6: -0.0010524113 | AAJ6: -0.0010604732 | AAK6: -0.0010693693 | AAL6: -0.0010795104 | AAM6: -0.0010912201 | AAN6: -0.0011046046 | AAO6: -0.0011195551 | AAP6: -0.0011357432 | AAQ6: -0.0011526618 | AAR6: -0.0011696559 | AAS6: -0.0011860192 | AAT6: -0.0012011208 | AAU6: -0.001214399 | AAV6: -0.0012254939 | AAW6: -0.0012342574 | AAX6: -0.0012408259 | AAY6: -0.0012455621 | AAZ6: -0.0012490169 | ABA6: -0.0012519234 | ABB6: -0.0012550617 | ABC6: -0.0012592736 | ABD6: -0.0012653735 | ABE6: -0.001274063 | ABF6: -0.0012859464 | ABG6: -0.0013015158 | ABH6: -0.0013211253 | ABI6: -0.0013450237 | ABJ6: -0.0013733437 | ABK6: -0.0014061029 | ABL6: -0.0014432082 | ABM6: -0.0014844541 | ABN6: -0.001529519 | ABO6: -0.001577936 | ABP6: -0.001629075 | ABQ6: -0.0016821289 | ABR6: -0.0017361407 | ABS6: -0.0017899606 | ABT6: -0.0018423567 | ABU6: -0.0018919877 | ABV6: -0.0019374517 | ABW6: -0.0019774235 | ABX6: -0.0020106283 | ABY6: -0.0020359889 | ABZ6: -0.0020526771 | ACA6: -0.0020601237 | ACB6: -0.0020581013 | ACC6: -0.0020467317 | ACD6: -0.0020265172 | ACE6: -0.0019982785 | ACF6: -0.001963181 | ACG6: -0.0019226014 | ACH6: -0.0018781905 | ACI6: -0.0018316488 | ACJ6: -0.0017847512 | ACK6: -0.0017391804 | ACL6: -0.0016965487 | ACM6: -0.0016582841 | ACN6: -0.0016255621 | ACO6: -0.0015992709 | ACP6: -0.0015800491 | ACQ6: -0.0015682396 | ACR6: -0.001563928 | ACS6: -0.0015669134 | ACT6: -0.0015767104 | ACU6: -0.0015926437 | ACV6: -0.001613835 | ACW6: -0.0016391431 | ACX6: -0.0016673254 | ACY6: -0.0016969966 | ACZ6: -0.0017266687 | ADA6: -0.0017548564 | ADB6: -0.0017801651 | ADC6: -0.0018013351 | ADD6: -0.0018173889 | ADE6: -0.0018276433 | ADF6: -0.0018318513 | ADG6: -0.0018301587 | ADH6: -0.0018232259 | ADI6: -0.0018121526 | ADJ6: -0.0017983591 | ADK6: -0.0017835803 | ADL6: -0.0017696459 | ADM6: -0.0017583756 | ADN6: -0.0017514341 | ADO6: -0.0017501527 | ADP6: -0.0017554376 | ADQ6: -0.0017676371 | ADR6: -0.0017865407 | ADS6: -0.0018113435 | ADT6: -0.0018406856 | ADU6: -0.0018727303 | ADV6: -0.0019052532 | ADW6: -0.0019358272 | ADX6: -0.0019620121 | ADY6: -0.0019814901 | ADZ6: -0.0019922485 | AEA6: -0.0019927525 | AEB6: -0.0019820573 | AEC6: -0.0019599141 | AED6: -0.0019268149 | AEE6: -0.0018839722 | AEF6: -0.0018332232 | AEG6: -0.0017769373 | AEH6: -0.0017178317 | AEI6: -0.0016587423 | AEJ6: -0.0016024648 | AEK6: -0.001551475 | AEL6: -0.0015077976 | AEM6: -0.0014728006 | AEN6: -0.0014471656 | AEO6: -0.0014308212 | AEP6: -0.0014229859 | AEQ6: -0.001422278 | AER6: -0.0014269503 | AES6: -0.0014349494 | AET6: -0.0014441657 | AEU6: -0.0014526512 | AEV6: -0.0014587926 | AEW6: -0.0014613725 | AEX6: -0.0014597058 | AEY6: -0.0014536272 | AEZ6: -0.0014434957 | AFA6: -0.0014300767 | AFB6: -0.0014144768 | AFC6: -0.0013980583 | AFD6: -0.0013822268 | AFE6: -0.0013682867 | AFF6: -0.0013574815 | AFG6: -0.0013507487 | AFH6: -0.0013487102 | AFI6: -0.0013516905 | AFJ6: -0.0013596478 | AFK6: -0.0013722193 | AFL6: -0.0013887113 | AFM6: -0.0014082076 | AFN6: -0.0014296722 | AFO6: -0.0014519088 | AFP6: -0.0014737531 | AFQ6: -0.0014940371 | AFR6: -0.0015118005 | AFS6: -0.0015262548 | AFT6: -0.0015368411 | AFU6: -0.0015432814 | AFV6: -0.0015455823 | AFW6: -0.0015440252 | AFX6: -0.0015390646 | AFY6: -0.0015313365 | AFZ6: -0.0015216144 | AGA6: -0.0015106416 | AGB6: -0.0014991424 | AGC6: -0.0014877649 | AGD6: -0.0014769826 | AGE6: -0.0014670827 | AGF6: -0.0014581193 | AGG6: -0.0014499237 | AGH6: -0.0014421556 | AGI6: -0.0014343034 | AGJ6: -0.0014257556 | AGK6: -0.0014158654 | AGL6: -0.0014039369 | AGM6: -0.0013893804 | AGN6: -0.0013717053 | AGO6: -0.0013506041 | AGP6: -0.0013259513 | AGQ6: -0.0012978218 | AGR6: -0.0012665394 | AGS6: -0.001232642 | AGT6: -0.0011968316 | AGU6: -0.0011599471 | AGV6: -0.0011229019 | AGW6: -0.0010866633 | AGX6: -0.0010521629 | AGY6: -0.0010202991 | AGZ6: -0.00099182945 | AHA6: -0.00096735249 | AHB6: -0.00094728796 | AHC6: -0.0009319321 | AHD6: -0.00092132673 | AHE6: -0.00091531339 | AHF6: -0.00091362398 | AHG6: -0.00091583141 | AHH6: -0.00092135818 | AHI6: -0.00092951929 | AHJ6: -0.00093956061 | AHK6: -0.0009507098 | AHL6: -0.00096213505 | AHM6: -0.00097304585 | AHN6: -0.00098273911 | AHO6: -0.00099060562 | AHP6: -0.00099614181 | AHQ6: -0.00099900359
A7: 7.167 | B7: -0.096909669 | C7: -0.096782296 | D7: -0.096651576 | E7: -0.09651954 | F7: -0.096388457 | G7: -0.096260644 | H7: -0.096138251 | I7: -0.096023206 | J7: -0.095917048 | K7: -0.09582077 | L7: -0.095734855 | M7: -0.095659112 | N7: -0.095592858 | O7: -0.09553488 | P7: -0.095483616 | Q7: -0.095437227 | R7: -0.095393853 | S7: -0.095351635 | T7: -0.095309003 | U7: -0.095264661 | V7: -0.095217657 | W7: -0.0951675 | X7: -0.095114116 | Y7: -0.095057725 | Z7: -0.094998797 | AA7: -0.094938 | AB7: -0.094876063 | AC7: -0.094813675 | AD7: -0.094751452 | AE7: -0.09468988 | AF7: -0.094629319 | AG7: -0.09457007 | AH7: -0.094512365 | AI7: -0.094456392 | AJ7: -0.094402399 | AK7: -0.094350665 | AL7: -0.09430154 | AM7: -0.094255432 | AN7: -0.094212787 | AO7: -0.094174024 | AP7: -0.094139525 | AQ7: -0.094109512 | AR7: -0.094084065 | AS7: -0.094063063 | AT7: -0.094046182 | AU7: -0.094032899 | AV7: -0.094022533 | AW7: -0.094014288 | AX7: -0.09400729 | AY7: -0.094000663 | AZ7: -0.09399356 | BA7: -0.093985258 | BB7: -0.093975141 | BC7: -0.093962713 | BD7: -0.093947626 | BE7: -0.093929719 | BF7: -0.093908969 | BG7: -0.093885427 | BH7: -0.093859306 | BI7: -0.093830843 | BJ7: -0.093800392 | BK7: -0.093768291 | BL7: -0.093734834 | BM7: -0.093700288 | BN7: -0.09366483 | BO7: -0.093628448 | BP7: -0.093590948 | BQ7: -0.093551971 | BR7: -0.09351095 | BS7: -0.093467099 | BT7: -0.093419524 | BU7: -0.093367253 | BV7: -0.093309383 | BW7: -0.093245121 | BX7: -0.093173965 | BY7: -0.093095779 | BZ7: -0.093010887 | CA7: -0.092920142 | CB7: -0.092824943 | CC7: -0.092727189 | CD7: -0.092629238 | CE7: -0.092533734 | CF7: -0.092443493 | CG7: -0.092361284 | CH7: -0.092289704 | CI7: -0.092230963 | CJ7: -0.092186714 | CK7: -0.092157977 | CL7: -0.09214511 | CM7: -0.092147696 | CN7: -0.092164681 | CO7: -0.092194394 | CP7: -0.092234663 | CQ7: -0.092283064 | CR7: -0.092337044 | CS7: -0.092394043 | CT7: -0.092451719 | CU7: -0.092508058 | CV7: -0.092561466 | CW7: -0.092610793 | CX7: -0.092655341 | CY7: -0.092694896 | CZ7: -0.092729494 | DA7: -0.092759448 | DB7: -0.092785184 | DC7: -0.092807166 | DD7: -0.092825766 | DE7: -0.092841245 | DF7: -0.092853652 | DG7: -0.092862873 | DH7: -0.092868694 | DI7: -0.09287075 | DJ7: -0.092868675 | DK7: -0.092862149 | DL7: -0.092850963 | DM7: -0.092835119 | DN7: -0.092814742 | DO7: -0.092790224 | DP7: -0.092762192 | DQ7: -0.092731372 | DR7: -0.092698693 | DS7: -0.092665105 | DT7: -0.092631562 | DU7: -0.092598984 | DV7: -0.092568121 | DW7: -0.09253956 | DX7: -0.092513681 | DY7: -0.092490601 | DZ7: -0.0924702 | EA7: -0.092452065 | EB7: -0.092435631 | EC7: -0.092420165 | ED7: -0.092404845 | EE7: -0.092388788 | EF7: -0.092371164 | EG7: -0.092351217 | EH7: -0.09232834 | EI7: -0.092302111 | EJ7: -0.09227232 | EK7: -0.092238953 | EL7: -0.092202135 | EM7: -0.09216223 | EN7: -0.092119685 | EO7: -0.092074988 | EP7: -0.092028724 | EQ7: -0.091981525 | ER7: -0.091933991 | ES7: -0.091886693 | ET7: -0.091840214 | EU7: -0.091795112 | EV7: -0.09175193 | EW7: -0.09171116 | EX7: -0.091673298 | EY7: -0.091638773 | EZ7: -0.091607905 | FA7: -0.091580922 | FB7: -0.09155792 | FC7: -0.091538752 | FD7: -0.09152309 | FE7: -0.091510337 | FF7: -0.0914996 | FG7: -0.091489746 | FH7: -0.09147932 | FI7: -0.091466752 | FJ7: -0.09145028 | FK7: -0.091428057 | FL7: -0.091398207 | FM7: -0.091358948 | FN7: -0.091308632 | FO7: -0.091245901 | FP7: -0.091169731 | FQ7: -0.091079385 | FR7: -0.090974611 | FS7: -0.090855565 | FT7: -0.090722805 | FU7: -0.090577328 | FV7: -0.090420409 | FW7: -0.090253683 | FX7: -0.090078985 | FY7: -0.089898279 | FZ7: -0.089713636 | GA7: -0.089527065 | GB7: -0.089340497 | GC7: -0.089155698 | GD7: -0.088974158 | GE7: -0.088797069 | GF7: -0.088625264 | GG7: -0.088459224 | GH7: -0.088299054 | GI7: -0.088144476 | GJ7: -0.087994888 | GK7: -0.087849433 | GL7: -0.087706995 | GM7: -0.08756637 | GN7: -0.087426298 | GO7: -0.087285536 | GP7: -0.087142976 | GQ7: -0.08699763 | GR7: -0.086848703 | GS7: -0.086695601 | GT7: -0.086537927 | GU7: -0.086375489 | GV7: -0.086208202 | GW7: -0.08603618 | GX7: -0.085859571 | GY7: -0.085678589 | GZ7: -0.085493414 | HA7: -0.085304245 | HB7: -0.085111248 | HC7: -0.084914476 | HD7: -0.084713907 | HE7: -0.084509414 | HF7: -0.084300711 | HG7: -0.084087401 | HH7: -0.083868938 | HI7: -0.083644637 | HJ7: -0.083413684 | HK7: -0.083175233 | HL7: -0.082928403 | HM7: -0.082672294 | HN7: -0.082406159 | HO7: -0.082129383 | HP7: -0.081841566 | HQ7: -0.081542555 | HR7: -0.081232469 | HS7: -0.080911676 | HT7: -0.080580836 | HU7: -0.080240807 | HV7: -0.07989259 | HW7: -0.079537255 | HX7: -0.07917581 | HY7: -0.078809132 | HZ7: -0.078437961 | IA7: -0.078062738 | IB7: -0.077683632 | IC7: -0.077300507 | ID7: -0.076912881 | IE7: -0.076520036 | IF7: -0.076120958 | IG7: -0.075714392 | IH7: -0.075298901 | II7: -0.074872895 | IJ7: -0.074434605 | IK7: -0.073982158 | IL7: -0.073513487 | IM7: -0.073026434 | IN7: -0.07251867 | IO7: -0.07198779 | IP7: -0.071431249 | IQ7: -0.070846464 | IR7: -0.070230883 | IS7: -0.069581982 | IT7: -0.068897326 | IU7: -0.06817477 | IV7: -0.067412293 | IW7: -0.066608183 | IX7: -0.065760948 | IY7: -0.064869312 | IZ7: -0.063932214 | JA7: -0.062948767 | JB7: -0.061918094 | JC7: -0.060839429 | JD7: -0.059711976 | JE7: -0.058534923 | JF7: -0.057307455 | JG7: -0.056028844 | JH7: -0.054698438 | JI7: -0.053315778 | JJ7: -0.051880684 | JK7: -0.050393415 | JL7: -0.048854721 | JM7: -0.047265923 | JN7: -0.045629079 | JO7: -0.043947003 | JP7: -0.042223232 | JQ7: -0.040462183 | JR7: -0.03866904 | JS7: -0.036849837 | JT7: -0.035011279 | JU7: -0.033160749 | JV7: -0.031306209 | JW7: -0.029456027 | JX7: -0.027618899 | JY7: -0.025803635 | JZ7: -0.024019029 | KA7: -0.022273657 | KB7: -0.020575705 | KC7: -0.01893278 | KD7: -0.017351739 | KE7: -0.015838574 | KF7: -0.014398294 | KG7: -0.013034872 | KH7: -0.011751201 | KI7: -0.010549115 | KJ7: -0.0094294331 | KK7: -0.0083920151 | KL7: -0.0074359399 | KM7: -0.006559568 | KN7: -0.005760651 | KO7: -0.0050364801 | KP7: -0.0043840155 | KQ7: -0.0037998943 | KR7: -0.0032805279 | KS7: -0.0028221901 | KT7: -0.0024209547 | KU7: -0.0020728159 | KV7: -0.0017736227 | KW7: -0.001519139 | KX7: -0.0013050672 | KY7: -0.0011270988 | KZ7: -0.00098096853 | LA7: -0.00086249428 | LB7: -0.00076767193 | LC7: -0.00069273687 | LD7: -0.00063414357 | LE7: -0.00058872849 | LF7: -0.00055359144 | LG7: -0.00052621138 | LH7: -0.00050437785 | LI7: -0.00048617721 | LJ7: -0.00046997161 | LK7: -0.00045441968 | LL7: -0.00043838542 | LM7: -0.0004209918 | LN7: -0.0004016315 | LO7: -0.000379941 | LP7: -0.0003558184 | LQ7: -0.00032942688 | LR7: -0.00030121863 | LS7: -0.00027188413 | LT7: -0.00024227353 | LU7: -0.00021343714 | LV7: -0.00018649644 | LW7: -0.00016259655 | LX7: -0.0001428102 | LY7: -0.00012816141 | LZ7: -0.00011945149 | MA7: -0.00011731755 | MB7: -0.00012210623 | MC7: -0.00013398468 | MD7: -0.0001528698 | ME7: -0.00017841741 | MF7: -0.00021010271 | MG7: -0.00024721974 | MH7: -0.00028893357 | MI7: -0.00033434001 | MJ7: -0.00038247113 | MK7: -0.00043243706 | ML7: -0.00048338604 | MM7: -0.00053463158 | MN7: -0.00058562809 | MO7: -0.0006360085 | MP7: -0.00068554372 | MQ7: -0.00073419414 | MR7: -0.00078198901 | MS7: -0.00082903274 | MT7: -0.00087538472 | MU7: -0.00092107108 | MV7: -0.00096602267 | MW7: -0.0010100558 | MX7: -0.0010528089 | MY7: -0.0010937674 | MZ7: -0.0011323295 | NA7: -0.001167839 | NB7: -0.0011995382 | NC7: -0.0012267092 | ND7: -0.0012486487 | NE7: -0.0012647281 | NF7: -0.0012744007 | NG7: -0.0012771959 | NH7: -0.0012727835 | NI7: -0.001260965 | NJ7: -0.0012416605 | NK7: -0.0012149771 | NL7: -0.0011811735 | NM7: -0.0011407077 | NN7: -0.0010942433 | NO7: -0.0010426349 | NP7: -0.00098686344 | NQ7: -0.00092805632 | NR7: -0.00086740167 | NS7: -0.00080608984 | NT7: -0.0007452757 | NU7: -0.00068595433 | NV7: -0.00062892748 | NW7: -0.00057475188 | NX7: -0.00052374362 | NY7: -0.00047598829 | NZ7: -0.00043136498 | OA7: -0.00038956725 | OB7: -0.00035022537 | OC7: -0.00031294195 | OD7: -0.00027739363 | OE7: -0.00024341898 | OF7: -0.00021097017 | OG7: -0.00018022641 | OH7: -0.00015153178 | OI7: -0.00012538318 | OJ7: -0.00010237458 | OK7: -8.3173783e-05 | OL7: -6.8365027e-05 | OM7: -5.8483303e-05 | ON7: -5.3881167e-05 | OO7: -5.4747135e-05 | OP7: -6.1071676e-05 | OQ7: -7.2545872e-05 | OR7: -8.8718915e-05 | OS7: -0.0001089336 | OT7: -0.00013231011 | OU7: -0.00015791474 | OV7: -0.00018468405 | OW7: -0.00021150863 | OX7: -0.00023727595 | OY7: -0.00026097386 | OZ7: -0.00028163239 | PA7: -0.00029845279 | PB7: -0.00031084151 | PC7: -0.00031845569 | PD7: -0.00032118453 | PE7: -0.00031918053 | PF7: -0.00031283292 | PG7: -0.00030278253 | PH7: -0.00028982851 | PI7: -0.0002748663 | PJ7: -0.0002587646 | PK7: -0.00024235688 | PL7: -0.00022630236 | PM7: -0.00021102106 | PN7: -0.00019665884 | PO7: -0.00018315545 | PP7: -0.0001702132 | PQ7: -0.00015736054 | PR7: -0.00014402169 | PS7: -0.00012968506 | PT7: -0.00011394018 | PU7: -9.6560123e-05 | PV7: -7.7607489e-05 | PW7: -5.7456436e-05 | PX7: -3.6792869e-05 | PY7: -1.662124e-05 | PZ7: 1.8985497e-06 | QA7: 1.7442894e-05 | QB7: 2.8676115e-05 | QC7: 3.4431392e-05 | QD7: 3.3716541e-05 | QE7: 2.5925995e-05 | QF7: 1.0835185e-05 | QG7: -1.127425e-05 | QH7: -3.9689149e-05 | QI7: -7.3241922e-05 | QJ7: -0.00011045382 | QK7: -0.00014957068 | QL7: -0.00018874857 | QM7: -0.00022618821 | QN7: -0.00026031113 | QO7: -0.00028992569 | QP7: -0.0003142845 | QQ7: -0.00033316196 | QR7: -0.00034691733 | QS7: -0.00035639862 | QT7: -0.00036288535 | QU7: -0.00036798134 | QV7: -0.00037340451 | QW7: -0.00038088491 | QX7: -0.00039187939 | QY7: -0.0004075223 | QZ7: -0.00042853257 | RA7: -0.00045507532 | RB7: -0.00048681382 | RC7: -0.00052293679 | RD7: -0.00056223917 | RE7: -0.00060327115 | RF7: -0.00064448362 | RG7: -0.00068434819 | RH7: -0.00072144483 | RI7: -0.00075464303 | RJ7: -0.00078312965 | RK7: -0.0008064205 | RL7: -0.00082434876 | RM7: -0.00083705434 | RN7: -0.00084490792 | RO7: -0.00084847219 | RP7: -0.00084833917 | RQ7: -0.00084514143 | RR7: -0.00083945787 | RS7: -0.00083181407 | RT7: -0.00082264874 | RU7: -0.0008123532 | RV7: -0.00080125175 | RW7: -0.00078968229 | RX7: -0.00077794579 | RY7: -0.00076641036 | RZ7: -0.00075547903 | SA7: -0.00074567394 | SB7: -0.00073749287 | SC7: -0.00073145957 | SD7: -0.00072808332 | SE7: -0.00072781608 | SF7: -0.00073093709 | SG7: -0.00073763639 | SH7: -0.00074788773 | SI7: -0.00076152438 | SJ7: -0.00077814797 | SK7: -0.00079721653 | SL7: -0.00081805503 | SM7: -0.0008398657 | SN7: -0.00086180538 | SO7: -0.00088300507 | SP7: -0.00090266509 | SQ7: -0.00091998103 | SR7: -0.00093433875 | SS7: -0.00094527023 | ST7: -0.00095249666 | SU7: -0.00095593147 | SV7: -0.00095569037 | SW7: -0.00095213968 | SX7: -0.00094580516 | SY7: -0.0009374011 | SZ7: -0.00092782514 | TA7: -0.00091803658 | TB7: -0.00090903465 | TC7: -0.00090181848 | TD7: -0.00089726996 | TE7: -0.00089619845 | TF7: -0.00089917705 | TG7: -0.00090659608 | TH7: -0.00091858109 | TI7: -0.000935055 | TJ7: -0.00095564835 | TK7: -0.00097985169 | TL7: -0.0010069576 | TM7: -0.0010360745 | TN7: -0.0010662406 | TO7: -0.0010964072 | TP7: -0.0011255158 | TQ7: -0.0011525461 | TR7: -0.0011765433 | TS7: -0.0011966243 | TT7: -0.0012120675 | TU7: -0.001222322 | TV7: -0.0012270221 | TW7: -0.0012260063 | TX7: -0.001219315 | TY7: -0.0012072198 | TZ7: -0.0011901889 | UA7: -0.0011688626 | UB7: -0.0011440338 | UC7: -0.0011166265 | UD7: -0.0010876232 | UE7: -0.0010580679 | UF7: -0.0010290482 | UG7: -0.0010016113 | UH7: -0.00097675788 | UI7: -0.00095540195 | UJ7: -0.00093834564 | UK7: -0.00092629551 | UL7: -0.00091982826 | UM7: -0.00091932806 | UN7: -0.00092498991 | UO7: -0.00093684226 | UP7: -0.00095459869 | UQ7: -0.00097777513 | UR7: -0.0010056089 | US7: -0.0010371015 | UT7: -0.0010710734 | UU7: -0.0011062409 | UV7: -0.0011411814 | UW7: -0.0011746102 | UX7: -0.0012053012 | UY7: -0.0012322971 | UZ7: -0.001255007 | VA7: -0.001273132 | VB7: -0.0012868147 | VC7: -0.0012965778 | VD7: -0.001303291 | VE7: -0.0013080417 | VF7: -0.0013120359 | VG7: -0.0013164705 | VH7: -0.001322426 | VI7: -0.0013306594 | VJ7: -0.0013416779 | VK7: -0.0013555659 | VL7: -0.0013720279 | VM7: -0.0013904508 | VN7: -0.0014099155 | VO7: -0.0014293537 | VP7: -0.0014476472 | VQ7: -0.0014636753 | VR7: -0.0014764099 | VS7: -0.0014850277 | VT7: -0.0014888952 | VU7: -0.0014876484 | VV7: -0.0014811411 | VW7: -0.0014693785 | VX7: -0.00145263 | VY7: -0.0014312685 | VZ7: -0.0014057846 | WA7: -0.0013768089 | WB7: -0.0013450409 | WC7: -0.0013112921 | WD7: -0.0012764438 | WE7: -0.0012414218 | WF7: -0.0012072278 | WG7: -0.0011748483 | WH7: -0.0011452555 | WI7: -0.0011193417 | WJ7: -0.0010979067 | WK7: -0.0010815417 | WL7: -0.0010705995 | WM7: -0.0010651961 | WN7: -0.0010651471 | WO7: -0.0010699774 | WP7: -0.0010789813 | WQ7: -0.0010912549 | WR7: -0.0011057562 | WS7: -0.0011213389 | WT7: -0.0011369057 | WU7: -0.0011514509 | WV7: -0.0011641367 | WW7: -0.0011742889 | WX7: -0.0011815103 | WY7: -0.0011856709 | WZ7: -0.0011868521 | XA7: -0.0011853607 | XB7: -0.0011816597 | XC7: -0.0011762626 | XD7: -0.0011697327 | XE7: -0.0011626685 | XF7: -0.0011555364 | XG7: -0.0011487899 | XH7: -0.0011427788 | XI7: -0.0011377673 | XJ7: -0.0011339623 | XK7: -0.001131552 | XL7: -0.0011307081 | XM7: -0.0011316093 | XN7: -0.0011344755 | XO7: -0.0011394883 | XP7: -0.0011468947 | XQ7: -0.0011568217 | XR7: -0.0011693671 | XS7: -0.001184431 | XT7: -0.0012017864 | XU7: -0.0012209704 | XV7: -0.0012413266 | XW7: -0.0012619721 | XX7: -0.0012818576 | XY7: -0.0012998149 | XZ7: -0.0013146207 | YA7: -0.0013250359 | YB7: -0.00132996 | YC7: -0.0013284619 | YD7: -0.0013198232 | YE7: -0.0013036841 | YF7: -0.0012800374 | YG7: -0.0012491805 | YH7: -0.0012118276 | YI7: -0.0011690979 | YJ7: -0.0011223866 | YK7: -0.0010734159 | YL7: -0.0010240748 | YM7: -0.00097640794 | YN7: -0.00093253665 | YO7: -0.0008945039 | YP7: -0.00086417471 | YQ7: -0.00084312799 | YR7: -0.00083257721 | YS7: -0.00083327143 | YT7: -0.00084541255 | YU7: -0.00086869528 | YV7: -0.00090222917 | YW7: -0.00094464953 | YX7: -0.00099413247 | YY7: -0.0010486029 | YZ7: -0.001105783 | ZA7: -0.0011633707 | ZB7: -0.0012191868 | ZC7: -0.0012712928 | ZD7: -0.0013180705 | ZE7: -0.0013583489 | ZF7: -0.0013913632 | ZG7: -0.0014167731 | ZH7: -0.0014346593 | ZI7: -0.0014454193 | ZJ7: -0.0014497261 | ZK7: -0.001448477 | ZL7: -0.0014426695 | ZM7: -0.0014333962 | ZN7: -0.0014217396 | ZO7: -0.0014087551 | ZP7: -0.0013954341 | ZQ7: -0.0013827013 | ZR7: -0.0013713322 | ZS7: -0.0013619829 | ZT7: -0.001355051 | ZU7: -0.0013507683 | ZV7: -0.0013491385 | ZW7: -0.0013499112 | ZX7: -0.0013526602 | ZY7: -0.0013567366 | ZZ7: -0.0013614006 | AAA7: -0.0013658629 | AAB7: -0.0013694176 | AAC7: -0.0013714609 | AAD7: -0.0013715762 | AAE7: -0.0013695921 | AAF7: -0.001365616 | AAG7: -0.0013600117 | AAH7: -0.0013533202 | AAI7: -0.0013462268 | AAJ7: -0.0013394834 | AAK7: -0.0013337566 | AAL7: -0.001329564 | AAM7: -0.0013272613 | AAN7: -0.0013269079 | AAO7: -0.0013283291 | AAP7: -0.0013311311 | AAQ7: -0.0013347376 | AAR7: -0.0013384564 | AAS7: -0.0013416184 | AAT7: -0.0013436774 | AAU7: -0.0013442216 | AAV7: -0.0013430703 | AAW7: -0.0013402903 | AAX7: -0.0013362128 | AAY7: -0.0013314393 | AAZ7: -0.001326694 | ABA7: -0.0013228244 | ABB7: -0.0013206531 | ABC7: -0.0013210189 | ABD7: -0.0013246301 | ABE7: -0.0013320572 | ABF7: -0.0013437422 | ABG7: -0.0013599937 | ABH7: -0.0013809594 | ABI7: -0.0014067342 | ABJ7: -0.0014373537 | ABK7: -0.001472798 | ABL7: -0.0015130149 | ABM7: -0.0015579114 | ABN7: -0.0016073396 | ABO7: -0.0016611028 | ABP7: -0.001718806 | ABQ7: -0.0017799165 | ABR7: -0.0018436923 | ABS7: -0.0019091914 | ABT7: -0.0019752894 | ABU7: -0.0020406658 | ABV7: -0.0021038369 | ABW7: -0.0021632975 | ABX7: -0.0022174922 | ABY7: -0.0022649504 | ABZ7: -0.0023043758 | ACA7: -0.002334689 | ACB7: -0.0023550536 | ACC7: -0.0023649965 | ACD7: -0.0023643729 | ACE7: -0.0023533792 | ACF7: -0.0023325521 | ACG7: -0.0023027178 | ACH7: -0.002265033 | ACI7: -0.002220824 | ACJ7: -0.002171561 | ACK7: -0.0021187939 | ACL7: -0.0020641309 | ACM7: -0.0020091874 | ACN7: -0.001955468 | ACO7: -0.0019043933 | ACP7: -0.0018572752 | ACQ7: -0.0018152557 | ACR7: -0.0017793099 | ACS7: -0.0017502079 | ACT7: -0.0017284364 | ACU7: -0.0017142935 | ACV7: -0.0017077571 | ACW7: -0.0017084977 | ACX7: -0.0017159021 | ACY7: -0.0017290976 | ACZ7: -0.0017469312 | ADA7: -0.0017681168 | ADB7: -0.0017912382 | ADC7: -0.001814866 | ADD7: -0.0018376951 | ADE7: -0.0018585854 | ADF7: -0.0018766699 | ADG7: -0.0018913782 | ADH7: -0.0019025132 | ADI7: -0.0019102659 | ADJ7: -0.0019151213 | ADK7: -0.0019178725 | ADL7: -0.0019194603 | ADM7: -0.0019209501 | ADN7: -0.0019233931 | ADO7: -0.0019277528 | ADP7: -0.0019347852 | ADQ7: -0.0019450011 | ADR7: -0.0019586048 | ADS7: -0.001975478 | ADT7: -0.0019951293 | ADU7: -0.0020167643 | ADV7: -0.0020392691 | ADW7: -0.0020613343 | ADX7: -0.0020815092 | ADY7: -0.0020983584 | ADZ7: -0.0021105103 | AEA7: -0.0021168254 | AEB7: -0.0021164631 | AEC7: -0.0021090031 | AED7: -0.0020945351 | AEE7: -0.0020736582 | AEF7: -0.002047445 | AEG7: -0.002017451 | AEH7: -0.0019855055 | AEI7: -0.0019536084 | AEJ7: -0.0019237815 | AEK7: -0.0018978721 | AEL7: -0.0018773818 | AEM7: -0.0018633193 | AEN7: -0.0018561174 | AEO7: -0.0018555853 | AEP7: -0.001860885 | AEQ7: -0.0018706343 | AER7: -0.001883072 | AES7: -0.0018961678 | AET7: -0.0019077838 | AEU7: -0.0019159253 | AEV7: -0.0019188643 | AEW7: -0.0019152661 | AEX7: -0.0019042835 | AEY7: -0.001885644 | AEZ7: -0.0018596205 | AFA7: -0.0018269805 | AFB7: -0.0017888889 | AFC7: -0.0017469209 | AFD7: -0.00170277 | AFE7: -0.0016582179 | AFF7: -0.0016150405 | AFG7: -0.0015748361 | AFH7: -0.0015389445 | AFI7: -0.0015084849 | AFJ7: -0.0014841948 | AFK7: -0.0014665018 | AFL7: -0.00145544 | AFM7: -0.0014507663 | AFN7: -0.0014519933 | AFO7: -0.0014583721 | AFP7: -0.0014690311 | AFQ7: -0.0014829712 | AFR7: -0.0014992068 | AFS7: -0.0015167952 | AFT7: -0.0015348662 | AFU7: -0.0015526776 | AFV7: -0.0015696358 | AFW7: -0.0015853262 | AFX7: -0.0015994041 | AFY7: -0.0016117112 | AFZ7: -0.0016221556 | AGA7: -0.0016306713 | AGB7: -0.0016372332 | AGC7: -0.001641863 | AGD7: -0.0016445137 | AGE7: -0.0016451603 | AGF7: -0.0016436894 | AGG7: -0.0016399806 | AGH7: -0.001633903 | AGI7: -0.0016253376 | AGJ7: -0.0016141924 | AGK7: -0.001600463 | AGL7: -0.0015841341 | AGM7: -0.0015653116 | AGN7: -0.0015441472 | AGO7: -0.0015208893 | AGP7: -0.0014958531 | AGQ7: -0.0014694311 | AGR7: -0.0014421093 | AGS7: -0.0014144259 | AGT7: -0.0013869519 | AGU7: -0.0013602567 | AGV7: -0.001334913 | AGW7: -0.0013114579 | AGX7: -0.0012903887 | AGY7: -0.0012721303 | AGZ7: -0.0012569799 | AHA7: -0.0012451061 | AHB7: -0.0012365287 | AHC7: -0.0012311616 | AHD7: -0.0012287624 | AHE7: -0.0012289394 | AHF7: -0.0012312664 | AHG7: -0.0012352773 | AHH7: -0.001240437 | AHI7: -0.0012462383 | AHJ7: -0.0012522441 | AHK7: -0.0012580866 | AHL7: -0.0012634355 | AHM7: -0.0012680737 | AHN7: -0.001271859 | AHO7: -0.0012747306 | AHP7: -0.0012766657 | AHQ7: -0.0012776434
A8: 8 | B8: -0.096780439 | C8: -0.096674038 | D8: -0.096564381 | E8: -0.096452844 | F8: -0.096341039 | G8: -0.096230711 | H8: -0.096123512 | I8: -0.09602102 | J8: -0.095924556 | K8: -0.095835045 | L8: -0.095752968 | M8: -0.095678293 | N8: -0.095610565 | O8: -0.095548897 | P8: -0.095492117 | Q8: -0.095438858 | R8: -0.095387751 | S8: -0.095337499 | T8: -0.095287112 | U8: -0.09523589 | V8: -0.095183464 | W8: -0.0951299 | X8: -0.095075609 | Y8: -0.09502126 | Z8: -0.094967664 | AA8: -0.094915747 | AB8: -0.094866374 | AC8: -0.094820282 | AD8: -0.094778011 | AE8: -0.094739882 | AF8: -0.094705979 | AG8: -0.094676244 | AH8: -0.0946505 | AI8: -0.094628454 | AJ8: -0.09460983 | AK8: -0.094594365 | AL8: -0.094581864 | AM8: -0.094572188 | AN8: -0.094565256 | AO8: -0.094560987 | AP8: -0.094559308 | AQ8: -0.094560057 | AR8: -0.094563006 | AS8: -0.09456779 | AT8: -0.094573915 | AU8: -0.094580805 | AV8: -0.094587783 | AW8: -0.094594138 | AX8: -0.094599153 | AY8: -0.094602142 | AZ8: -0.094602505 | BA8: -0.094599758 | BB8: -0.094593551 | BC8: -0.094583644 | BD8: -0.094569908 | BE8: -0.094552363 | BF8: -0.094531142 | BG8: -0.094506394 | BH8: -0.09447839 | BI8: -0.094447368 | BJ8: -0.094413645 | BK8: -0.094377462 | BL8: -0.094339016 | BM8: -0.094298437 | BN8: -0.094255787 | BO8: -0.094210965 | BP8: -0.094163747 | BQ8: -0.094113801 | BR8: -0.094060654 | BS8: -0.094003703 | BT8: -0.093942341 | BU8: -0.093875967 | BV8: -0.093804105 | BW8: -0.09372644 | BX8: -0.093642923 | BY8: -0.093553846 | BZ8: -0.093459842 | CA8: -0.093361975 | CB8: -0.093261676 | CC8: -0.093160731 | CD8: -0.09306124 | CE8: -0.092965431 | CF8: -0.092875609 | CG8: -0.092793968 | CH8: -0.092722511 | CI8: -0.0926629 | CJ8: -0.09261634 | CK8: -0.092583515 | CL8: -0.092564598 | CM8: -0.092559153 | CN8: -0.092566288 | CO8: -0.092584649 | CP8: -0.092612528 | CQ8: -0.092648016 | CR8: -0.092689156 | CS8: -0.092733963 | CT8: -0.092780642 | CU8: -0.09282761 | CV8: -0.092873565 | CW8: -0.092917478 | CX8: -0.092958613 | CY8: -0.092996482 | CZ8: -0.093030725 | DA8: -0.093061091 | DB8: -0.093087421 | DC8: -0.093109557 | DD8: -0.093127268 | DE8: -0.093140343 | DF8: -0.093148521 | DG8: -0.093151534 | DH8: -0.093149218 | DI8: -0.093141407 | DJ8: -0.093128136 | DK8: -0.093109512 | DL8: -0.093085839 | DM8: -0.093057603 | DN8: -0.0930254 | DO8: -0.092989979 | DP8: -0.092952237 | DQ8: -0.092913037 | DR8: -0.092873407 | DS8: -0.092834266 | DT8: -0.092796519 | DU8: -0.092760972 | DV8: -0.092728278 | DW8: -0.092698901 | DX8: -0.092673112 | DY8: -0.092650918 | DZ8: -0.092632105 | EA8: -0.092616164 | EB8: -0.092602458 | EC8: -0.092590179 | ED8: -0.092578492 | EE8: -0.092566518 | EF8: -0.092553508 | EG8: -0.092538883 | EH8: -0.092522297 | EI8: -0.092503705 | EJ8: -0.092483323 | EK8: -0.092461637 | EL8: -0.092439272 | EM8: -0.092417068 | EN8: -0.09239589 | EO8: -0.092376475 | EP8: -0.09235948 | EQ8: -0.092345373 | ER8: -0.092334344 | ES8: -0.092326277 | ET8: -0.092320849 | EU8: -0.092317453 | EV8: -0.092315346 | EW8: -0.092313619 | EX8: -0.092311379 | EY8: -0.092307744 | EZ8: -0.092301949 | FA8: -0.092293382 | FB8: -0.092281687 | FC8: -0.092266598 | FD8: -0.092248149 | FE8: -0.092226498 | FF8: -0.092201911 | FG8: -0.092174712 | FH8: -0.092145179 | FI8: -0.092113546 | FJ8: -0.092079876 | FK8: -0.092044015 | FL8: -0.092005578 | FM8: -0.091963949 | FN8: -0.091918277 | FO8: -0.091867581 | FP8: -0.091810844 | FQ8: -0.09174696 | FR8: -0.091675032 | FS8: -0.091594342 | FT8: -0.091504505 | FU8: -0.091405505 | FV8: -0.091297764 | FW8: -0.091182156 | FX8: -0.091059996 | FY8: -0.090932945 | FZ8: -0.090803033 | GA8: -0.090672402 | GB8: -0.090543319 | GC8: -0.090417993 | GD8: -0.090298405 | GE8: -0.090186243 | GF8: -0.090082759 | GG8: -0.089988768 | GH8: -0.089904578 | GI8: -0.08982997 | GJ8: -0.089764268 | GK8: -0.089706401 | GL8: -0.089654962 | GM8: -0.089608357 | GN8: -0.089564909 | GO8: -0.089522919 | GP8: -0.089480831 | GQ8: -0.089437203 | GR8: -0.089390819 | GS8: -0.089340635 | GT8: -0.089285852 | GU8: -0.089225834 | GV8: -0.089160093 | GW8: -0.089088318 | GX8: -0.08901028 | GY8: -0.088925864 | GZ8: -0.088834977 | HA8: -0.088737675 | HB8: -0.088634115 | HC8: -0.088524501 | HD8: -0.088409162 | HE8: -0.088288449 | HF8: -0.088162766 | HG8: -0.088032505 | HH8: -0.087898047 | HI8: -0.087759661 | HJ8: -0.087617517 | HK8: -0.087471656 | HL8: -0.087322048 | HM8: -0.087168473 | HN8: -0.087010705 | HO8: -0.086848428 | HP8: -0.086681349 | HQ8: -0.086509191 | HR8: -0.086331748 | HS8: -0.086148832 | HT8: -0.085960357 | HU8: -0.085766255 | HV8: -0.08556648 | HW8: -0.08536096 | HX8: -0.085149573 | HY8: -0.084932118 | HZ8: -0.084708394 | IA8: -0.084478083 | IB8: -0.084240881 | IC8: -0.083996506 | ID8: -0.083744757 | IE8: -0.083485511 | IF8: -0.083218825 | IG8: -0.082944854 | IH8: -0.082663955 | II8: -0.08237657 | IJ8: -0.082083246 | IK8: -0.081784569 | IL8: -0.081481065 | IM8: -0.081173222 | IN8: -0.080861381 | IO8: -0.08054577 | IP8: -0.080226423 | IQ8: -0.079903229 | IR8: -0.079575999 | IS8: -0.07924441 | IT8: -0.078908064 | IU8: -0.07856661 | IV8: -0.078219634 | IW8: -0.077866721 | IX8: -0.077507463 | IY8: -0.077141382 | IZ8: -0.076767966 | JA8: -0.076386619 | JB8: -0.075996617 | JC8: -0.07559711 | JD8: -0.075187125 | JE8: -0.074765506 | JF8: -0.074330985 | JG8: -0.073882216 | JH8: -0.073417737 | JI8: -0.072936007 | JJ8: -0.0724354 | JK8: -0.071914254 | JL8: -0.071370824 | JM8: -0.07080324 | JN8: -0.0702096 | JO8: -0.069587848 | JP8: -0.068935801 | JQ8: -0.068251187 | JR8: -0.06753163 | JS8: -0.06677477 | JT8: -0.065978222 | JU8: -0.065139648 | JV8: -0.064256874 | JW8: -0.063327848 | JX8: -0.062350784 | JY8: -0.061324075 | JZ8: -0.060246397 | KA8: -0.059116641 | KB8: -0.057933963 | KC8: -0.056697709 | KD8: -0.055407471 | KE8: -0.054063045 | KF8: -0.052664527 | KG8: -0.051212327 | KH8: -0.049707282 | KI8: -0.048150768 | KJ8: -0.046544805 | KK8: -0.044892137 | KL8: -0.043196412 | KM8: -0.041462175 | KN8: -0.039694896 | KO8: -0.03790094 | KP8: -0.036087531 | KQ8: -0.0342625 | KR8: -0.032434198 | KS8: -0.03061123 | KT8: -0.028802209 | KU8: -0.02701559 | KV8: -0.025259412 | KW8: -0.02354113 | KX8: -0.021867541 | KY8: -0.020244695 | KZ8: -0.018677876 | LA8: -0.017171564 | LB8: -0.015729563 | LC8: -0.014354969 | LD8: -0.0130502 | LE8: -0.011817131 | LF8: -0.010657039 | LG8: -0.009570617 | LH8: -0.0085580029 | LI8: -0.0076187479 | LJ8: -0.0067518187 | LK8: -0.00595566 | LL8: -0.0052281487 | LM8: -0.0045666827 | LN8: -0.0039683094 | LO8: -0.0034297832 | LP8: -0.0029476578 | LQ8: -0.0025183812 | LR8: -0.0021384686 | LS8: -0.0018045068 | LT8: -0.0015131911 | LU8: -0.0012614404 | LV8: -0.0010463424 | LW8: -0.00086514515 | LX8: -0.00071523184 | LY8: -0.00059412883 | LZ8: -0.0004994039 | MA8: -0.00042869059 | MB8: -0.00037959467 | MC8: -0.00034976658 | MD8: -0.00033684648 | ME8: -0.00033845245 | MF8: -0.00035226551 | MG8: -0.0003759898 | MH8: -0.00040743861 | MI8: -0.00044455162 | MJ8: -0.00048540937 | MK8: -0.00052832683 | ML8: -0.00057185793 | MM8: -0.00061480936 | MN8: -0.00065628055 | MO8: -0.00069560158 | MP8: -0.00073234438 | MQ8: -0.00076631928 | MR8: -0.00079747705 | MS8: -0.00082591543 | MT8: -0.00085175286 | MU8: -0.00087517332 | MV8: -0.00089636139 | MW8: -0.00091550119 | MX8: -0.00093271848 | MY8: -0.00094807633 | MZ8: -0.00096164251 | NA8: -0.00097343812 | NB8: -0.00098341148 | NC8: -0.00099151817 | ND8: -0.0009976425 | NE8: -0.001001633 | NF8: -0.0010032991 | NG8: -0.0010023767 | NH8: -0.00099856756 | NI8: -0.00099159052 | NJ8: -0.0009811504 | NK8: -0.00096702086 | NL8: -0.00094905857 | NM8: -0.00092725748 | NN8: -0.0009017622 | NO8: -0.00087285335 | NP8: -0.00084096167 | NQ8: -0.00080662808 | NR8: -0.00077049623 | NS8: -0.00073323477 | NT8: -0.00069551383 | NU8: -0.0006579589 | NV8: -0.00062111784 | NW8: -0.00058538351 | NX8: -0.00055104958 | NY8: -0.00051830117 | NZ8: -0.00048724272 | OA8: -0.00045785943 | OB8: -0.00043012754 | OC8: -0.00040402059 | OD8: -0.00037956709 | OE8: -0.00035688813 | OF8: -0.00033618053 | OG8: -0.00031774627 | OH8: -0.00030199359 | OI8: -0.00028939928 | OJ8: -0.00028047805 | OK8: -0.00027572143 | OL8: -0.00027553388 | OM8: -0.0002802048 | ON8: -0.00028978958 | OO8: -0.00030410314 | OP8: -0.00032272162 | OQ8: -0.00034487408 | OR8: -0.00036960144 | OS8: -0.00039571547 | OT8: -0.00042185973 | OU8: -0.00044663186 | OV8: -0.00046867021 | OW8: -0.00048672289 | OX8: -0.00049975732 | OY8: -0.00050706443 | OZ8: -0.00050821633 | PA8: -0.00050317319 | PB8: -0.00049225877 | PC8: -0.0004761542 | PD8: -0.0004557818 | PE8: -0.00043227767 | PF8: -0.00040687526 | PG8: -0.00038080818 | PH8: -0.0003552406 | PI8: -0.00033110008 | PJ8: -0.00030903321 | PK8: -0.00028936479 | PL8: -0.0002720348 | PM8: -0.00025660902 | PN8: -0.00024230541 | PO8: -0.00022813129 | PP8: -0.00021295985 | PQ8: -0.00019566294 | PR8: -0.00017522103 | PS8: -0.00015091019 | PT8: -0.00012235396 | PU8: -8.9612704e-05 | PV8: -5.3268494e-05 | PW8: -1.4387754e-05 | PX8: 2.5498749e-05 | PY8: 6.4485473e-05 | PZ8: 0.00010048616 | QA8: 0.0001313123 | QB8: 0.00015481288 | QC8: 0.00016910501 | QD8: 0.00017261479 | QE8: 0.00016429438 | QF8: 0.00014361543 | QG8: 0.00011070543 | QH8: 6.6245176e-05 | QI8: 1.1512501e-05 | QJ8: -5.1787244e-05 | QK8: -0.00012152222 | QL8: -0.00019535406 | QM8: -0.00027081171 | QN8: -0.00034553032 | QO8: -0.0004173613 | QP8: -0.0004845266 | QQ8: -0.00054563768 | QR8: -0.0005998553 | QS8: -0.00064681964 | QT8: -0.0006867067 | QU8: -0.00072010137 | QV8: -0.00074789283 | QW8: -0.00077122305 | QX8: -0.00079125352 | QY8: -0.00080909205 | QZ8: -0.00082573755 | RA8: -0.00084188126 | RB8: -0.00085796848 | RC8: -0.00087411334 | RD8: -0.00089019583 | RE8: -0.00090587416 | RF8: -0.0009206934 | RG8: -0.00093416466 | RH8: -0.00094581738 | RI8: -0.00095533522 | RJ8: -0.00096257207 | RK8: -0.00096757338 | RL8: -0.00097056302 | RM8: -0.00097194872 | RN8: -0.00097226158 | RO8: -0.00097212734 | RP8: -0.00097212282 | RQ8: -0.00097274025 | RR8: -0.00097435778 | RS8: -0.00097716081 | RT8: -0.00098115523 | RU8: -0.00098614562 | RV8: -0.00099175042 | RW8: -0.00099745441 | RX8: -0.0010026255 | RY8: -0.0010065841 | RZ8: -0.001008656 | SA8: -0.0010082626 | SB8: -0.0010049182 | SC8: -0.00099825239 | SD8: -0.00098807461 | SE8: -0.00097434639 | SF8: -0.00095714948 | SG8: -0.00093673121 | SH8: -0.00091345185 | SI8: -0.00088781838 | SJ8: -0.00086038075 | SK8: -0.00083172998 | SL8: -0.00080250456 | SM8: -0.00077333779 | SN8: -0.00074488814 | SO8: -0.00071777594 | SP8: -0.00069263977 | SQ8: -0.00066998496 | SR8: -0.00065034294 | SS8: -0.00063418128 | ST8: -0.00062195226 | SU8: -0.00061400335 | SV8: -0.00061064726 | SW8: -0.00061214328 | SX8: -0.00061867411 | SY8: -0.00063030907 | SZ8: -0.00064708023 | TA8: -0.00066885864 | TB8: -0.00069542059 | TC8: -0.0007263729 | TD8: -0.00076119841 | TE8: -0.00079928357 | TF8: -0.00083985397 | TG8: -0.00088207238 | TH8: -0.00092504573 | TI8: -0.0009678982 | TJ8: -0.0010097757 | TK8: -0.0010499435 | TL8: -0.0010877638 | TM8: -0.0011226985 | TN8: -0.0011543844 | TO8: -0.0011825586 | TP8: -0.001207074 | TQ8: -0.0012278379 | TR8: -0.0012448152 | TS8: -0.0012579768 | TT8: -0.0012673101 | TU8: -0.0012727947 | TV8: -0.0012744096 | TW8: -0.0012721474 | TX8: -0.0012660338 | TY8: -0.001256184 | TZ8: -0.0012428259 | UA8: -0.0012262789 | UB8: -0.0012070165 | UC8: -0.0011856193 | UD8: -0.0011627896 | UE8: -0.0011393458 | UF8: -0.0011162036 | UG8: -0.0010942828 | UH8: -0.0010745081 | UI8: -0.0010577652 | UJ8: -0.0010448659 | UK8: -0.0010365224 | UL8: -0.0010333476 | UM8: -0.0010357386 | UN8: -0.0010439334 | UO8: -0.001058008 | UP8: -0.0010777593 | UQ8: -0.0011027609 | UR8: -0.0011323261 | US8: -0.0011655345 | UT8: -0.0012013144 | UU8: -0.0012384542 | UV8: -0.0012756137 | UW8: -0.0013115456 | UX8: -0.0013450617 | UY8: -0.0013751929 | UZ8: -0.0014013078 | VA8: -0.0014230504 | VB8: -0.0014405156 | VC8: -0.0014541651 | VD8: -0.0014648531 | VE8: -0.0014736773 | VF8: -0.0014819044 | VG8: -0.0014908548 | VH8: -0.0015018124 | VI8: -0.0015157736 | VJ8: -0.0015335153 | VK8: -0.0015553899 | VL8: -0.0015813896 | VM8: -0.0016110815 | VN8: -0.0016437032 | VO8: -0.0016782341 | VP8: -0.0017135309 | VQ8: -0.0017483414 | VR8: -0.0017814466 | VS8: -0.001811787 | VT8: -0.0018384561 | VU8: -0.0018608067 | VV8: -0.001878386 | VW8: -0.0018909232 | VX8: -0.0018984389 | VY8: -0.0019010476 | VZ8: -0.001899 | WA8: -0.0018926416 | WB8: -0.0018823775 | WC8: -0.0018687144 | WD8: -0.0018522124 | WE8: -0.0018334778 | WF8: -0.0018131926 | WG8: -0.0017920835 | WH8: -0.0017709194 | WI8: -0.0017504619 | WJ8: -0.0017314834 | WK8: -0.0017146584 | WL8: -0.0017005525 | WM8: -0.0016895892 | WN8: -0.001681996 | WO8: -0.001677781 | WP8: -0.0016768053 | WQ8: -0.0016787497 | WR8: -0.0016831959 | WS8: -0.0016895928 | WT8: -0.001697365 | WU8: -0.0017059592 | WV8: -0.0017148806 | WW8: -0.0017236376 | WX8: -0.0017318519 | WY8: -0.0017392188 | WZ8: -0.0017454663 | XA8: -0.0017503972 | XB8: -0.0017538289 | XC8: -0.0017555412 | XD8: -0.0017553743 | XE8: -0.0017532366 | XF8: -0.0017490488 | XG8: -0.0017428945 | XH8: -0.0017350102 | XI8: -0.0017258299 | XJ8: -0.0017159927 | XK8: -0.0017063269 | XL8: -0.0016978742 | XM8: -0.0016917877 | XN8: -0.0016892875 | XO8: -0.0016914791 | XP8: -0.0016993397 | XQ8: -0.0017134872 | XR8: -0.001734197 | XS8: -0.0017612253 | XT8: -0.0017938426 | XU8: -0.0018307682 | XV8: -0.0018703333 | XW8: -0.0019104271 | XX8: -0.0019487486 | XY8: -0.0019828924 | XZ8: -0.0020105119 | YA8: -0.0020294411 | YB8: -0.0020379085 | YC8: -0.0020345984 | YD8: -0.0020187056 | YE8: -0.0019900398 | YF8: -0.0019489991 | YG8: -0.0018964775 | YH8: -0.0018339553 | YI8: -0.0017633831 | YJ8: -0.0016870273 | YK8: -0.0016074277 | YL8: -0.0015272405 | YM8: -0.0014492047 | YN8: -0.0013760129 | YO8: -0.0013101899 | YP8: -0.0012540148 | YQ8: -0.0012094312 | YR8: -0.0011779753 | YS8: -0.0011607108 | YT8: -0.0011581745 | YU8: -0.0011704036 | YV8: -0.0011968799 | YW8: -0.0012365952 | YX8: -0.0012880285 | YY8: -0.0013492909 | YZ8: -0.0014181422 | ZA8: -0.0014920727 | ZB8: -0.0015684689 | ZC8: -0.0016446612 | ZD8: -0.0017180143 | ZE8: -0.0017860777 | ZF8: -0.0018466383 | ZG8: -0.0018978051 | ZH8: -0.001938121 | ZI8: -0.0019665487 | ZJ8: -0.0019825686 | ZK8: -0.0019861931 | ZL8: -0.0019779355 | ZM8: -0.0019588231 | ZN8: -0.001930292 | ZO8: -0.0018941696 | ZP8: -0.0018525548 | ZQ8: -0.0018077275 | ZR8: -0.0017620049 | ZS8: -0.0017176378 | ZT8: -0.0016765949 | ZU8: -0.0016405355 | ZV8: -0.0016107171 | ZW8: -0.001587855 | ZX8: -0.0015722339 | ZY8: -0.0015635847 | ZZ8: -0.0015612486 | AAA8: -0.0015642036 | AAB8: -0.0015712369 | AAC8: -0.0015810184 | AAD8: -0.0015922506 | AAE8: -0.0016037381 | AAF8: -0.0016145781 | AAG8: -0.0016240962 | AAH8: -0.0016319075 | AAI8: -0.0016379257 | AAJ8: -0.0016423342 | AAK8: -0.0016454242 | AAL8: -0.0016475988 | AAM8: -0.0016493064 | AAN8: -0.0016509248 | AAO8: -0.0016527235 | AAP8: -0.0016548472 | AAQ8: -0.0016573132 | AAR8: -0.0016600344 | AAS8: -0.0016628859 | AAT8: -0.0016657736 | AAU8: -0.0016686073 | AAV8: -0.001671423 | AAW8: -0.0016743859 | AAX8: -0.0016777935 | AAY8: -0.00168206 | AAZ8: -0.0016876472 | ABA8: -0.0016950806 | ABB8: -0.0017047613 | ABC8: -0.0017170433 | ABD8: -0.0017321196 | ABE8: -0.0017499819 | ABF8: -0.001770495 | ABG8: -0.0017934022 | ABH8: -0.0018183138 | ABI8: -0.0018448542 | ABJ8: -0.0018727171 | ABK8: -0.0019016777 | ABL8: -0.0019316607 | ABM8: -0.0019627451 | ABN8: -0.0019951596 | ABO8: -0.0020292436 | ABP8: -0.0020653296 | ABQ8: -0.0021036996 | ABR8: -0.0021445088 | ABS8: -0.0021876573 | ABT8: -0.0022328292 | ABU8: -0.0022793766 | ABV8: -0.0023263341 | ABW8: -0.0023725321 | ABX8: -0.0024165454 | ABY8: -0.0024568681 | ABZ8: -0.0024920115 | ACA8: -0.0025205845 | ACB8: -0.0025414101 | ACC8: -0.0025536299 | ACD8: -0.002556729 | ACE8: -0.0025505849 | ACF8: -0.0025355007 | ACG8: -0.0025120826 | ACH8: -0.0024813598 | ACI8: -0.0024445484 | ACJ8: -0.0024030782 | ACK8: -0.0023584694 | ACL8: -0.002312326 | ACM8: -0.0022662557 | ACN8: -0.0022217903 | ACO8: -0.0021803555 | ACP8: -0.0021433125 | ACQ8: -0.002111866 | ACR8: -0.0020870596 | ACS8: -0.0020697108 | ACT8: -0.0020603657 | ACU8: -0.0020593413 | ACV8: -0.0020665963 | ACW8: -0.0020817023 | ACX8: -0.0021039298 | ACY8: -0.0021321834 | ACZ8: -0.0021650439 | ADA8: -0.0022009234 | ADB8: -0.0022381075 | ADC8: -0.0022749162 | ADD8: -0.0023098364 | ADE8: -0.0023416083 | ADF8: -0.0023693811 | ADG8: -0.0023927204 | ADH8: -0.0024117084 | ADI8: -0.0024269017 | ADJ8: -0.0024392143 | ADK8: -0.0024499222 | ADL8: -0.002460388 | ADM8: -0.0024720435 | ADN8: -0.0024861777 | ADO8: -0.002503819 | ADP8: -0.0025256057 | ADQ8: -0.0025517098 | ADR8: -0.0025818378 | ADS8: -0.00261516 | ADT8: -0.0026504122 | ADU8: -0.0026859607 | ADV8: -0.0027198433 | ADW8: -0.0027499946 | ADX8: -0.002774358 | ADY8: -0.0027910471 | ADZ8: -0.0027984941 | AEA8: -0.0027955697 | AEB8: -0.0027816805 | AEC8: -0.0027568447 | AED8: -0.0027217652 | AEE8: -0.0026777568 | AEF8: -0.0026266822 | AEG8: -0.0025708748 | AEH8: -0.0025129294 | AEI8: -0.0024555262 | AEJ8: -0.0024012475 | AEK8: -0.0023523857 | AEL8: -0.002310781 | AEM8: -0.0022776661 | AEN8: -0.002253583 | AEO8: -0.0022383946 | AEP8: -0.0022312871 | AEQ8: -0.0022308493 | AER8: -0.0022353038 | AES8: -0.002242583 | AET8: -0.0022505351 | AEU8: -0.0022571706 | AEV8: -0.0022607977 | AEW8: -0.0022601191 | AEX8: -0.0022543515 | AEY8: -0.0022432615 | AEZ8: -0.0022271475 | AFA8: -0.0022067714 | AFB8: -0.0021832511 | AFC8: -0.0021580239 | AFD8: -0.0021325505 | AFE8: -0.0021082836 | AFF8: -0.0020865753 | AFG8: -0.0020684405 | AFH8: -0.0020545639 | AFI8: -0.002045305 | AFJ8: -0.0020405829 | AFK8: -0.0020399857 | AFL8: -0.0020427183 | AFM8: -0.00204778 | AFN8: -0.002054019 | AFO8: -0.0020601473 | AFP8: -0.0020649277 | AFQ8: -0.0020671801 | AFR8: -0.0020659264 | AFS8: -0.0020604216 | AFT8: -0.0020501755 | AFU8: -0.0020349839 | AFV8: -0.002014912 | AFW8: -0.0019903329 | AFX8: -0.0019617405 | AFY8: -0.0019298909 | AFZ8: -0.0018956359 | AGA8: -0.001859818 | AGB8: -0.0018233034 | AGC8: -0.0017869025 | AGD8: -0.0017513009 | AGE8: -0.0017170762 | AGF8: -0.0016845956 | AGG8: -0.0016541013 | AGH8: -0.0016257095 | AGI8: -0.001599411 | AGJ8: -0.0015751577 | AGK8: -0.001552904 | AGL8: -0.001532548 | AGM8: -0.0015140569 | AGN8: -0.001497426 | AGO8: -0.0014827056 | AGP8: -0.0014699654 | AGQ8: -0.0014592652 | AGR8: -0.0014506764 | AGS8: -0.0014442214 | AGT8: -0.0014397948 | AGU8: -0.0014371746 | AGV8: -0.0014360292 | AGW8: -0.0014359174 | AGX8: -0.0014362829 | AGY8: -0.0014365421 | AGZ8: -0.0014360823 | AHA8: -0.0014343017 | AHB8: -0.0014306684 | AHC8: -0.0014248201 | AHD8: -0.001416529 | AHE8: -0.0014056785 | AHF8: -0.0013924159 | AHG8: -0.0013770661 | AHH8: -0.001360059 | AHI8: -0.0013419596 | AHJ8: -0.0013234383 | AHK8: -0.0013052134 | AHL8: -0.0012879794 | AHM8: -0.0012724162 | AHN8: -0.0012591363 | AHO8: -0.0012486805 | AHP8: -0.001241482 | AHQ8: -0.0012378224
